0,0,0,"Sun",1,5772.,"G2V"
2.9442481260020283,-3.019826879368229,-0.16931704967025207,"Proxima Centauri",0.27,3.2e3,"M5Ve"
3.163573268284198,-3.04661925441702,-0.081719788159023,"Rigel Kentaurus A",1.,5.8e3,"G2V"
3.170709716334457,-3.0540406399795317,-0.08210348955411541,"Rigel Kentaurus B",0.82,5.e3,"K1V"
4.935252647293976,2.9966610681528727,1.3865733834584062,"Barnard's Star",0.24,2.8e3,"sdM4e"
-1.8048194647791092,-3.903828023718232,6.499276016346733,"Wolf 359",0.21,2.5e3,"M6Ve"
-3.3588291262654626,-0.3185022861533704,7.59191318437388,"Lalande 21185",0.5,3.5e3,"M2V"
-2.1907649622487,0.14687659491446292,-8.276905818246522,"Luyten 726-8 A",0.24,2.8e3,"M5.5Ve"
-2.1907649622487,0.14687659491446292,-8.276905818246522,"Luyten 726-8 B",0.24,2.8e3,"M5.5Ve"
-5.743589261549047,-6.271357333204924,-1.2596204270106846,"Sirius",2.3,9.4e3,"A1Vm"
-5.74488447691759,-6.270551037351179,-1.2577265434144589,"Sirius B",0.00867,2.52e4,"DA2"
9.317977878512988,1.9227431713842948,-1.8291453649112115,"Ross 154",0.38,3.3e3,"M3.5Ve"
-3.466188925815395,9.26292587416867,-2.9805031717013044,"Gl 905",0.21,2.5e3,"M6Ve"
-6.816709204608646,-1.9654735616190173,-7.728227003169947,"ϵ Eridani",0.8,4.8e3,"K2V"
4.25097976670552,0.4029772416121204,-9.840749268552846,"Lacaille 9352",0.46,3.5e3,"M2.5V"
0.14584725417117608,-5.501480021049878,9.387667766842275,"Ross 128",0.31,3.2e3,"M4.5V"
3.995338215958316,4.428898880436874,-9.334076335311318,"Gl 866 A",0.27,3.2e3,"M5Ve"
-9.176093030654682,-6.2161697178795405,2.6740432800333553,"Procyon",2.048,6530.,"F5IV-V"
-9.1765522189889,-6.21441650188884,2.6765413541751437,"Procyon B",0.012,7.7e3,"DA"
1.4413665132632583,11.268309309512917,-1.1851832432973026,"61 Cygni A",0.72,4.4e3,"K5V"
1.4417515711136093,11.268087851377954,-1.1868192973465737,"61 Cygni B",0.67,4.2e3,"K7V"
0.11795101039406529,10.45535938197882,4.689587111500894,"HIP 91772",0.29,3.2e3,"M3.5V"
-5.044082737491465,9.810570197943083,-3.633264359713514,"Groombridge 34",0.39,3567.,"M2 V"
0.11904187407324265,10.611894521296582,4.760145339366005,"HIP 91768",0.42,3.4e3,"M3V"
-5.044061269685019,9.829181103303139,-3.638714204995717,"Groombridge 34 B",0.21,2.5e3,"M6Ve"
-9.453776135095909,-2.9680461723135285,6.444645847384194,"DX Cancri",0.18,2.7e3,"M6.5V"
7.159440337105166,-3.1564839306541272,-8.862036641226629,"ϵ Indi",0.72,4.4e3,"K5V"
-3.4870077549247895,0.37181448701073627,-11.36156597329592,"τ Ceti",0.88,5.3e3,"G8V"
-2.1705554283534574,1.1645455480027318,-11.863701691312246,"YZ Ceti",0.24,2.8e3,"M5.5Ve"
-10.227848294664756,-6.574727745343501,2.346941337650575,"Luyten's Star",0.27,3.2e3,"M5V"
-3.4657979011414297,-9.768576378747582,-7.461163608178865,"Kapteyn's Star",0.6,3.8e3,"M0V"
9.094397488604477,0.6719812619073318,-9.07684208734627,"Lacaille 8760",1.,3.96e3,"M1/M2V"
-3.388856973048173,12.617906545460947,0.020905097627024322,"Kruger 60",0.5,3.5e3,"M2V"
-3.391403259359869,12.617222762607394,0.020686747486784954,"Gl 860 B",0.21,2.5e3,"M6V"
-11.170524947071115,-7.322666776235185,-1.319335584703461,"V0577 Monocerotis",0.31,3.2e3,"M4.5Ve"
-11.17201589076298,-7.320342620019849,-1.3196088875043543,"Gl 234 B",1.,0,"Not Available"
-2.694899386065055,-8.047564533722266,-11.123610796944009,"GJ 1061",0.24,2.8e3,"M5.5V"
12.845403255526163,0.8321079870794243,5.48471257320877,"V2306 Ophiuchi",1.,3393.,"M3/3.5 V"
1.6116656199640338,-4.215285154745049,13.294527284604742,"Gl 473 A",0.24,2.8e3,"dM5.5eJ"
1.6116656199640338,-4.215285154745049,13.294527284604742,"Gl 473 B",1.,0,"M7"
3.173164139227506,-0.9712996866307128,-13.771544911683463,"HIP 439",0.5,3.5e3,"M2V"
-8.400164592662614,-2.9308760416769655,-11.237322325994986,"HIP 15689",1.,0,"Not Available"
-4.245333882107493,6.52007637374704,-12.074870653761081,"Van Maanen's Star",0.01,7.7e3,"DG"
-9.283716822640589,-7.998780911729667,7.851055543184283,"GJ 3522",1.,3.55e3,"k"
-8.615641278000666,5.307983357654893,-10.477703486898765,"Gl 83.1",0.24,3.1e3,"M4.5V"
4.659456186434089,-13.859530324198206,-0.5449333278962264,"GJ 3618",1.,3.37e3,"m"
11.545012286314725,-5.613848063811907,7.15726860562859,"HIP 72509",1.,3.76e3,"M"
-1.5705047809739032,-10.942826756151876,9.76647932201798,"GJ 3622",1.,3.07e3,"M6.5"
14.069851881079153,-4.2165883580419,-1.8894325501408944,"HIP 85523",1.,3.6e3,"M2.5"
-1.874124883321116,12.439573696281112,7.8588641412816695,"HIP 86162",0.42,3413.,"M3 V"
3.850857034620701,5.610788257906884,-13.430704253650765,"HIP 114110",1.,0,"Not Available"
6.671291148267982,-13.483061972051217,-0.8035258200033558,"HIP 57367",0.0042,9.e3,"DC:"
-0.4396731167229034,5.786499211015093,-14.177884365774027,"GJ 1002",1.,3.19e3,"M5-5.5"
4.595611589483499,6.120128182986467,-13.282083780459631,"IL Aquarii",1.,3.71e3,"M4"
2.872059009802465,14.941041496702649,2.2315465981450506,"GJ 1245 A",0.24,2.8e3,"M5.5Ve"
2.87162628906896,14.941232464826738,2.2308247568221087,"GJ 1245 B",1.,3.19e3,"m"
-6.833122667564932,1.3973600757049764,14.125307900631347,"Gl 412 B",1.,3.08e3,"M6e"
-6.870179655485369,1.400936804444852,14.164080177798398,"HIP 54211",0.5,3.5e3,"M2Vvar"
-9.333332994800582,2.338208976318127,12.639918500446326,"Groombridge 1618",0.65,4.1e3,"K8V"
-7.2795736437661045,-5.534758994787223,13.114772090505394,"Gl 388",0.31,3.2e3,"M4.5Ve"
13.250746198065373,-8.416099570360252,-3.3848254643940034,"HIP 82725",1.,0,"Not Available"
10.813523113739386,-2.0381801822466015,-11.769209342592402,"HIP 106440",0.55,3472.,"M1.5"
15.844893158207451,-3.8609620841530448,-2.0598812006686726,"HIP 86214",1.,3.57e3,"M5"
-12.190189075769105,-4.6739018405238335,-9.999154354648184,"ο 2 Eridani",0.82,5.e3,"K1V"
-12.200633967408391,-4.6758325830896235,-9.985503307453515,"Gl 166 B",0.014,1.65e4,"DA4"
-12.200633967408391,-4.6758325830896235,-9.985503307453515,"Gl 166 C",0.31,3.2e3,"dM4.5e"
-3.0851793521459836,15.736316444224721,-3.707221816075481,"EV Lacertae",0.31,3.2e3,"M4.5Ve"
14.076699143311787,8.189363689029815,3.111864706167483,"V2391 Ophiuchi",0.85,5.1e3,"K0VSB"
14.075060175546914,8.191483408880982,3.1136986024232813,"Gl 702 B",0.72,4.4e3,"K5Ve"
11.037329405406659,12.322657985642902,-2.7260057511414617,"Altair",1.6,7.8e3,"A7V"
0.23215939321457865,4.012954394180076,-16.509253185383727,"HIP 1242",1.,3.45e3,"M:"
-12.001765725706916,-6.400151857969027,10.266522736365447,"GJ 1116 A",1.,3.34e3,"m"
-12.001889783219013,-6.399711144954598,10.266652440446014,"GJ 1116 B",1.,3.24e3,"m"
-15.654727450774438,-7.258091421928523,-2.9075079493742377,"GJ 3379",1.,3.54e3,"M4"
-8.264017916942683,11.052584573169788,10.884092469153131,"HIP 57544",1.,3.69e3,"M4"
5.472113449973195,-0.7322854507195135,16.82209457285383,"HIP 67155",0.42,3.4e3,"M3V"
12.645222725372115,7.5007121777333206,-10.205512672672665,"HIP 103039",1.,3.58e3,"Not Available"
-15.162288645535549,9.341563894725878,2.4398160979490062,"Gl 169.1B",1.,7.4e3,"DC5"
-17.276171168366965,-0.988387078769261,4.8796763839780555,"HIP 33226",1.,3.68e3,"K:..."
-15.344347303384597,9.442305877034135,2.466503756645184,"HIP 21088",0.26,3.2e3,"M4Ve"
-4.615214492448786,-9.400137176082195,15.09324753534678,"EE Leonis",1.,3.54e3,"M4:"
-15.613042992765548,-8.024814163501121,-6.001779025745631,"HIP 25878",0.55,3.7e3,"M1V"
16.750218713188552,-2.1530845722539818,-7.684954072295862,"Gl 754",1.,3.54e3,"M4.5"
17.17748217888372,3.4542017512108427,6.5650717687049,"V1054 Ophiuchi",0.42,3.4e3,"M3Ve"
17.176901662048664,3.4578794856852904,6.56465458975369,"Gl 644 B",1.,0,"Not Available"
17.18526422030552,3.448570357738856,6.547642886850657,"Gl 644 C",1.,3.18e3,"M7"
-3.4491946695068605,17.093548652171894,7.023572202006923,"Alsaphi",0.85,5.1e3,"K0V"
-11.787209210208609,-13.475798074202839,-5.812113457944605,"HIP 29295",1.,3.81e3,"M1/M2V"
-18.098285082189566,-4.525018596326919,-2.8241649216250053,"V1352 Orionis",1.,3.55e3,"M5"
16.663152082767617,-7.5693188413658286,-4.893404985292227,"HIP 86990",1.,3.57e3,"M5"
14.458681815853323,12.488133440533117,-1.2680209098869446,"VB 10",0.11,2.5e3,"M8Ve"
-8.97224004172743,-16.775016448343422,2.4155005428504985,"Gl 300",1.,3.65e3,"M4"
-0.8858422197686662,10.474955775777142,-16.125118553099067,"BR Piscium",0.5,3.5e3,"M2V"
15.194586381391995,-5.904331930497804,10.245005757090773,"KX Librae",0.75,4.5e3,"K4V"
14.55399875538317,12.568629873583214,-1.2701952495119841,"V1428 Aquilae",0.38,3.3e3,"M3.5V"
-15.126382569627259,-11.101992779480724,4.6746754633400895,"YZ Canis Minoris",0.31,3.2e3,"M4.5Ve"
16.896519077467786,-8.574956919438119,3.8989223285183687,"HIP 76074",1.,3.76e3,"M0"
-10.53509934734141,16.216932865699253,-1.6166850612833472,"Achird",1.1,5.9e3,"G0VSB"
-10.530504770965152,16.220182249318256,-1.6140190084560826,"Gl 34 B",0.67,4.2e3,"K7V"
19.33928066378032,-0.4074775338197693,2.085843890609932,"V2215 Ophiuchi",0.72,4.4e3,"K5V"
5.076270452174623,14.985665622674077,11.375814301573461,"HIP 84140",0.37,3.4e3,"M3V"
19.388912722809614,-0.46249285925635863,2.135262678163074,"HIP 84405",31.,4.4e3,"K2:III:"
19.388871705484718,-0.4582446653380182,2.1365506667726035,"Gl 663 A",0.82,5.e3,"K1Ve"
16.73765696904617,1.6331829910128348,-10.315615826760345,"HIP 99461",0.8,4.8e3,"K2V"
16.738654274355778,1.6384775005001928,-10.313157708599023,"Gl 783 B",1.,0,"M3.5"
-3.7465341911994576,-10.456299957820585,-16.34894869914517,"HIP 15510",0.88,5401.,"G8 V"
14.461299421748457,-8.388772785772144,-10.813927273755217,"δ Pavonis",1.,5.43e3,"G5IV-Vvar"
13.699609669449284,-5.2523734293592454,13.499668750332885,"HN Librae",1.,3.6e3,"M4"
-14.27925382143076,-13.970242303545598,0.9673106885362922,"Scholz's star",0.1,2.3e3,"M9.5V"
-15.94058667770738,-8.005066155949196,-9.045299762144628,"GJ 3323",1.,0,"m"
-3.400954610939833,16.87315466636218,10.233004489625037,"GJ 1221",0.0098,5.6e3,"DXP9"
-16.562714700525472,-10.379479524161452,4.785072925466628,"GJ 3454",1.,0,"m"
-2.5570180735759394,15.426940900133834,-12.713298405329079,"HIP 116132",0.21,2.5e3,"M6Ve"
-14.200959807768474,3.785172417272463,13.820869006935615,"HIP 45343",0.6,3.8e3,"M0V"
16.792608317451695,-1.4484505166788084,-11.18238648333948,"HIP 99701",0.6,3.8e3,"M0V"
5.954760994084851,-18.8830137643719,-4.2393734755084855,"GJ 1128",1.,3.48e3,"m"
-2.58245729176693,15.59160943915386,-12.847693283220904,"Gl 896 B",0.21,2.5e3,"dM6e"
-14.387628075331053,3.8352749855831583,14.004985149412715,"HIP 120005",1.,3.92e3,"K2"
15.723917961723195,-1.5073361788087583,12.988022212778674,"HO Librae",0.29,3.4e3,"M3 V"
5.362833932955274,15.850818513597424,12.033032600811588,"Gl 661 B",1.,0,"M3.5"
-19.416413821539418,0.2467571366445001,7.265272725238343,"QY Aurigae",0.27,3.2e3,"M5Ve"
2.5786857815159716,-1.1504200992368647,20.7057975866986,"GJ 2097",1.,3.62e3,"m"
6.419156437647952,-19.85504934218167,2.309434010028511,"HIP 54298",1.,0,"Not Available"
-17.62313490613218,-10.369146987436912,-5.040486570733376,"Gl 223.2",0.014,4.3e3,"DZ9"
19.4362316324333,3.909667494129471,7.436328917444631,"HIP 82809",1.,3.52e3,"M4"
0.9264390738652517,-6.427001482522541,20.30825529188038,"GJ 1156",1.,3.3e3,"dMe"
-7.392467151991988,20.011208883310072,-1.1365703423456572,"HIP 114622",0.77,4913.,"K3 V"
1.9206051448055692,15.663952999425689,14.538424140126406,"HIP 80459",1.,3.66e3,"M2"
-7.253219106179082,-5.550803416360546,19.568562858953207,"HIP 53767",1.,3.76e3,"M3"
9.807257190310564,4.184836623804836,19.061419646210034,"ξ Boötis",0.88,5.3e3,"G8V"
9.80691063172791,4.184504714798408,19.06167081465205,"Gl 566 B",0.75,4.5e3,"K4Ve"
6.823872091581662,18.896027603316455,-8.925755357092244,"HIP 106106",1.,3.62e3,"M4"
-16.779519330427686,-11.537271701589173,8.398208993958615,"Gl 299",0.27,3.2e3,"dM5"
8.178538108022153,2.0899433489689034,-20.35343087697754,"HIP 114176",1.,0,"Not Available"
11.991848876769248,-9.439029303525878,-16.090806758488363,"GJ 4285",1.,0,"m"
21.970324076896688,-3.0154341707893106,0.3219501371130535,"Gl 667 C",1.,3.35e3,"M1.5 V"
0.6514926230490414,17.60331396983727,-13.903106604741424,"HIP 113296",1.,3.78e3,"M2:"
3.802361627508798,-20.898283892961455,-7.508433711473231,"Gl 293",0.0128,5.7e3,"DQ9"
22.512257517511053,-3.0892395403822013,0.334085030291456,"HIP 84709",0.75,4.5e3,"K4V"
22.51174720350942,-3.0924953475735477,0.3383231355103474,"Gl 667 B",0.72,4.4e3,"K5V"
-1.7420887949131825,7.705937338297765,-21.45523379374024,"HIP 1692",26.,4.5e3,"K1 III"
-3.5013519024778557,22.260663026906247,4.4308997320032875,"HIP 103096",0.5,3.5e3,"M2V"
18.558866544345854,-8.889427542767832,10.292682326752065,"GJ 3877",0.12,2.6e3,"M7Ve"
10.959401875023186,-18.37088058602572,9.615388067896651,"GJ 3737",1.,3.53e3,"M4"
-15.39582549999781,4.414476196937606,-17.19766923419791,"HIP 12114",0.77,4.7e3,"K3V"
-15.396600076975242,4.398656845996244,-17.201028863604712,"Gl 105 B",0.31,3.2e3,"dM4.5"
1.128864729727468,11.930448494473957,-20.239200521273766,"GJ 1286",1.,3.21e3,"M5"
-6.672040221668861,-14.558542136113124,17.298832604999568,"HIP 51317",1.,3.78e3,"M2"
6.920060173349235,17.835940991613406,13.904809305329815,"HIP 83945",1.,3.52e3,"M3"
-2.2210936074795975,20.86420362532451,11.113587085160473,"GJ 4053",1.,3.36e3,"m"
13.571147381661268,19.037548720936925,5.290066655492912,"GJ 1230 A",1.,3.5e3,"k-m"
13.57058270062026,19.037871201092567,5.290354721758047,"GJ 1230 B",1.,0,"m"
10.43874201985522,9.221141881225991,-19.924614750355133,"GJ 4274",1.,3.34e3,"M4"
-7.097317461794133,11.05068822515573,-20.47015798493157,"HIP 3765",0.8,4.8e3,"K2V"
-14.0776432513889,11.97841208855404,-15.843083472702245,"HIP 7981",0.82,5.e3,"K1V"
10.610778648712076,-15.337211059561564,-15.684359966090637,"β Hydri",4.9,5.6e3,"G2IV"
19.251049617363982,-7.481748534564797,12.983505137085041,"HIP 73182",0.72,4.4e3,"K5V"
1.9127716125869307,1.2978239444648407,-24.439139881970785,"GJ 2005",1.,0,"M5.5"
23.81762099391639,5.983737820128489,0.6625067746717925,"GJ 1224",1.,3.4e3,"m"
-18.988377897951533,9.58052465207649,-12.398938475727109,"VX Arietis",0.38,3.3e3,"M3.5Ve"
-14.270915889739875,19.801197555996726,-3.2426783483181345,"μ Cassiopeiae",0.92,5.6e3,"G5Vp"
-14.256856075907985,19.812370289141487,-3.23627345544717,"Gl 53 B",1.,0,"Not Available"
1.0996740972202752,-20.333718722682107,13.903920563644888,"HD 95872",1.,5312.,"K0 V"
-21.167391092983763,10.18958514601001,7.497433719879606,"GJ 3378",1.,3.65e3,"m"
7.51439803545732,-3.5845558102606367,23.42731734933719,"HIP 65859",0.55,3.7e3,"M1V"
-12.523697999343286,-4.704452344526751,-20.983672326778116,"GJ 3193 B",1.,0,"M3"
10.008569190244746,2.9643535496875657,-22.603056674200385,"TW Piscis Austrini",0.75,4.5e3,"K4Vp"
12.311671727071522,-20.151418286006272,8.135970514086145,"HIP 61874",1.,3.45e3,"M4"
9.702256973960637,3.7543760693675496,-22.82212788107619,"Fomalhaut",2.,8.7e3,"A3 V"
21.506528677628317,10.043926552137519,8.361475954758085,"HIP 85295",0.67,4.2e3,"K7V"
-20.541260810691735,10.101888000911027,10.7074313174771,"GJ 3417",1.,0,"m"
9.110917675564298,22.11104751184128,8.211380166659314,"Vega",2.4,9.8e3,"A0Vvar"
-23.772406076362973,-7.157539418060519,4.824275747686886,"GJ 1093",1.,3.24e3,"m"
22.755408261472056,10.70242857258095,3.67130388694474,"HIP 88574",0.5,3.5e3,"M2V"
7.018092807682132,-3.890388999364006,-24.129786606462535,"Gl 915",0.0097,8.6e3,"DA5"
-7.722100412244826,-17.587213052362763,16.727754079594114,"HIP 49986",1.,3.81e3,"M3"
4.776343313970327,17.81914061105941,17.709889716130952,"HIP 80346",0.37,3.4e3,"M3Ve"
2.954337158278852,3.141647691141496,25.51107929165509,"GJ 3789",1.,3.69e3,"M4e"
-4.400338131886969,24.66539615477162,6.762074864007627,"HIP 101180",1.,3.73e3,"M3"
-23.84857620877928,-9.666459178242285,-4.109288622024466,"GJ 1087",1.,5.97e3,"DAP9"
14.349041593747616,13.80045147671623,-16.90512640022267,"BB Capricorni",1.,3.51e3,"M4e..."
14.352950330978373,13.800903579609688,-16.901438733255475,"Gl 831 B",1.,0,"Not Available"
-6.679979749666283,-24.070265289814582,-7.76664732960517,"HIP 33499",1.,3.6e3,"M4+..."
-6.6791310120745235,-24.072174418221017,-7.76145855363245,"Gl 257 B",1.,0,"M3"
-23.670625896743218,-4.934633071914134,-9.994604214670225,"π 3 Orionis",1.3,6.5e3,"F6V"
6.308986149610968,13.350947284561835,-21.700384721659134,"GJ 1276",1.,3.28e3,"DZ9+"
-5.39925662943452,22.524214621852575,12.38810009622415,"χ Draconis",1.2,6.4e3,"F7Vvar"
17.897558830335864,16.353719371592,10.69908672452123,"HIP 86287",1.,3.75e3,"M1"
9.623429053513089,-23.020893754121538,-8.938320286306585,"GJ 1123",1.,3.59e3,"m"
-7.67802555047512,22.92300456279718,-10.865088098697708,"GJ 1289",1.,3.65e3,"k"
8.514716302309196,-14.853333414706166,-20.271821883310476,"HIP 5496",1.,3.69e3,"K"
6.4641928624260645,-7.497213641095671,24.63251614134114,"Gl 493.1",0.27,3.2e3,"dM5e"
8.845996029819055,6.9469415190633566,-24.046710683982546,"HIP 113576",1.,3.99e3,"K5/M0V"
-14.687840206409811,21.718107231546124,4.2061459525681775,"HIP 4856",1.,3.79e3,"M3.5e"
4.3346716387612965,-12.639312180948274,-22.951884612941495,"p Eridani",0.85,5.1e3,"K0V"
4.335358126205978,-12.638023013359591,-22.95246483821618,"Gl 66 A",0.8,4.8e3,"K2V"
11.37182632646889,23.517619729849983,4.965962856002658,"Gl 747 A",1.,3.52e3,"M3.5J"
11.37182632646889,23.517619729849983,4.965962856002658,"Gl 747 B",1.,0,"M5K"
-23.00411135032548,0.3890270894837779,13.361350000239348,"HIP 38956",0.35,3.3e3,"M4V"
10.314363563733723,-5.775089497878401,23.91559807833955,"Gl 518",0.013,5.e3,"DZ9"
23.415255029701008,-4.30944923662857,12.199367945690371,"HIP 76901",1.,3.66e3,"M5"
-9.086919813018595,5.838038953453688,24.489195229990333,"GJ 1151",1.,3.34e3,"m"
4.318857370289769,-6.872520069789557,25.50934351644964,"HIP 62452",1.,3.7e3,"M4"
25.399676489986412,0.1126112474700475,-8.473920875933123,"R Coronae Australis",16.,8.2e3,"A5IIevar"
-0.6271403236676145,23.930383802597458,12.216248080803915,"GJ 1227",1.,3.44e3,"m"
-26.673410261973604,-4.43157522030599,2.630310546621437,"Gl 232",1.,3.44e3,"M4.5"
14.961951522670912,19.553238790113273,11.593912002948658,"Gl 695 B",0.29,3.2e3,"M3.5V"
6.995375287522642,-23.177437209322765,-12.553490476964086,"HIP 31292",1.,0,"Not Available"
-4.73704153617401,4.794434760101808,26.444065587932965,"Chara",1.1,5.9e3,"G0V"
15.056457989227173,19.675095647561143,11.663916538640034,"μ Herculis",6.4,5.3e3,"G5IV"
15.055050128861362,19.674906025507685,11.666053464317098,"Gl 695 C",1.,0,"M4K"
10.466257375141083,-24.91259076282739,4.505968257445009,"Gl 438",1.,3.75e3,"K0"
-12.141717451682878,-21.969995936054094,-10.984480118162422,"AP Columbae",0.31,3.2e3,"M4.5Ve"
3.2020762798546913,-12.562333958286803,24.3436198991107,"GJ 1154 A",1.,3.43e3,"m"
-17.747578630457028,8.99173866097469,-19.10107317879083,"GJ 3146",1.,3.19e3,"m"
-20.26766743295995,1.4712096006645254,-18.68218854823322,"GJ 1057",1.,3.37e3,"m"
26.08244628460631,-8.147307254269535,4.024491682798637,"HIP 80018",1.,3.72e3,"M4"
26.082950505855514,-8.149250100584911,4.017283760922216,"Gl 618 B",1.,3.4e3,"M5:"
-12.38046653028031,14.2899568284705,-20.144004304983014,"GJ 3076",1.,0,"m"
-17.44493636790611,-15.621852013684553,-14.932355841016362,"HIP 23452",0.6,3.8e3,"M0V"
-17.446553752442632,-15.620574612855329,-14.931802541679652,"Gl 185 B",1.,0,"Not Available"
13.609397806639844,-14.760964675442754,19.211974774880453,"HIP 64924",0.96,5577.,"G5 V"
-15.559778862542819,-19.81137730090091,12.01765411897397,"GJ 3517",1.,0,"m"
14.35129337741781,-15.979638040181666,-17.96958021367625,"HIP 113229",0.37,3.4e3,"M3V"
10.564124333851817,-13.516443682061976,-22.144072172790278,"ζ Tucanae",1.1,6.1e3,"F9V"
16.6021211169366,22.53194382748309,2.7769823501049578,"HIP 93873",1.,3.69e3,"M2"
11.133797391564896,8.918823057294375,-24.295320436004992,"Gl 867 B",0.35,3.3e3,"dM4e"
11.131617669757386,8.917769434108198,-24.296705962174123,"HIP 111802",0.6,3.8e3,"M0Vpe"
-27.890315418189136,-4.319963088103157,-1.0453759999779477,"χ 1 Orionis",1.1,5.9e3,"G0V"
-26.70211369204665,-7.008507138093479,-6.396869562852933,"HIP 25578",1.,3.58e3,"M5"
5.982425405024839,7.3903498009402515,26.705657290191862,"GJ 3839",1.,0,"m"
-22.34860318568982,-17.44472940929234,-0.8126826848780013,"HIP 32984",0.77,4.7e3,"K3V"
-22.343767549096054,-17.450888964828764,-0.8134049188004248,"Gl 250 B",1.,3.79e3,"M2"
-10.626203728567083,-9.836463336756651,-24.44822548624338,"HIP 14559",1.,0,"Not Available"
16.033257982254288,22.06636187289227,-8.420743798992284,"Gl 791.2",0.21,2.5e3,"dM6e"
7.325810977374146,-24.263885496475982,-13.144565865222177,"HIP 31293",1.,0,"Not Available"
-7.200537037140285,0.391808202039649,27.636709576018543,"HIP 57802",0.55,3.7e3,"M1V"
-22.054616695681304,-10.67630072827735,14.74349003072374,"GJ 2069 B",1.,0,"Not Available"
-5.696329491808338,-8.214426372008793,26.792432927990376,"GJ 3667",1.,6.3e3,"DC8"
10.949320854003657,16.67243079016205,-20.501884584559534,"HIP 109388",1.,3.4e3,"M3 V"
27.195186669829024,-8.514015452857723,-2.9025128914519427,"HIP 84720",0.6,3.8e3,"M0V"
27.194165541181803,-8.519049768359599,-2.8973038595046847,"Gl 666 B",0.6,3.8e3,"M0V"
-21.181384680639347,-18.01179571204366,6.896507748350173,"GJ 1103 A",1.,3.54e3,"m"
-21.180799070619834,-18.011651924592798,6.898681504894088,"GJ 1103 B",1.,0,"m"
-23.22058970854335,-10.994529803794693,-12.864210497467198,"HIP 23311",0.77,4.7e3,"K3V"
23.94725234034103,6.877188829903576,-14.379627107073272,"HIP 99825",0.77,5166.,"K3 V"
17.0563103976913,23.15140548226165,2.8373592304936106,"HIP 93899",1.,3.69e3,"M2"
8.816220806228515,-18.887939287362393,20.122950814440745,"HIP 60559",1.,3.69e3,"M4"
-7.493696282521296,-27.891280171888198,2.937137889571598,"Gl 318",0.015553914283127556,9.e3,"DA6"
-16.95800316991828,-23.611446448861052,1.466952795788495,"Gl 283 A",1.,7.87e3,"DZQ6"
-16.95800316991828,-23.611446448861052,1.466952795788495,"Gl 283 B",1.,3.36e3,"m"
-16.888427578928443,9.48048193178695,-21.728517843032332,"GJ 3128",1.,3.15e3,"m"
6.61699965718626,-18.91052274321662,21.114753081963364,"GJ 3707",0.38,3.3e3,"M3.5V"
18.24166393140217,-12.933103013094948,18.633350478531803,"GJ 3820",1.,0,"K2:"
2.9283115206435313,27.067367965685403,-10.609051223870424,"V374 Pegasi",1.,3.49e3,"Not Available"
-18.256277661930305,-19.554956320106925,-11.802832740189203,"γ Leporis",1.2,6.4e3,"F7V"
-18.26916328473177,-19.545377232725084,-11.798760673775348,"Gl 216 B",0.8,4.8e3,"K2V"
-7.252789888950696,-26.079842990628112,11.111305684615703,"HIP 47103",1.,3.69e3,"K"
3.619812220440008,8.583196050574918,-27.85295228533329,"GJ 4360",1.,0,"m"
-16.712532113349592,24.182622109563574,-0.09439600141245187,"Gl 51",1.,3.54e3,"M5"
-19.652022851223013,-6.5034158371620165,-20.991194106498458,"Rana",2.3,5055.,"K0IV"
7.003888364305157,-25.182017925062045,13.643657016699313,"HIP 56528",0.5,3.5e3,"M1.5"
-14.111243062781769,13.3096625308661,22.4240664116095,"SZ Ursae Majoris",0.55,3.7e3,"M1Vvar"
3.0026544440754197,5.950530085262067,28.90759040335208,"HIP 66906",1.,2.8e3,"M:"
24.55172891835868,-15.592364751061977,-6.270010136064623,"HIP 82724",1.,3.48e3,"Mp"
-20.78871760344989,-18.85851818224291,10.145255601266781,"HIP 40501",1.,3.78e3,"Not Available"
2.038080675906196,1.6891645840290026,29.727646103712086,"β Comae Berenices",1.1,5.9e3,"G0V"
-7.886360870451923,1.646279257216165,28.743038267903685,"Groombridge 1830",0.88,5.3e3,"G8Vp"
-7.921700204230322,1.667370272029382,28.73210252461316,"Gl 451 B",1.,0,"Not Available"
-22.01896602542295,0.5195528002137104,-20.160709341002256,"κ 1 Ceti",0.92,5.6e3,"G5Vvar"
-26.34837390177571,7.412779120829515,11.986625192428109,"GJ 3421",1.,3.34e3,"M4.5"
19.33658464546735,-12.000011807232648,-19.617947441104533,"γ Pavonis",1.3,6.5e3,"F6V"
9.82554788729892,-26.432620045503626,10.585446625952205,"Gl 442 B",1.,0,"Not Available"
9.819551064531371,-26.45172867364065,10.588301611446893,"HIP 57443",1.,5.63e3,"G3/5 V"
-20.5196788279646,-15.837810234875674,-15.544148037153361,"HIP 23512",1.,3.57e3,"K:"
-28.174631621996596,8.337116636707536,7.1563723897639475,"GJ 3380",1.,3.31e3,"m"
-2.044506779466665,29.59955524086367,6.133468567111743,"GJ 1253",1.,3.4e3,"M5"
-20.412815903902757,-16.564812919216003,-15.231437241605116,"HIP 23932",1.,3.76e3,"M5"
-18.322525308425604,20.605686000584207,13.33857276325416,"HIP 29277",1.,3.77e3,"M3"
-29.408996937787357,-0.1965435856802519,-8.890089861036202,"HIP 21932",0.45,3679.,"M2 V"
-10.462847438815993,-1.4375866719451236,-28.903095245850015,"HIP 9724",1.,3.77e3,"M3"
-6.173154057928868,-6.607683733714949,-29.50494774303327,"HIP 9786",1.,3.49e3,"K:..."
15.760167610304627,-25.96427463378452,5.664983714795661,"HIP 61629",0.37,3.4e3,"M3Ve"
9.407582625035412,25.141062584612417,15.370720971925232,"HIP 86776",1.,3.75e3,"M3"
-0.5859961151833605,-30.583991945717795,4.692381318226679,"HIP 47425",1.,3.76e3,"M:"
4.970494616343868,24.143324620620284,18.779954819447116,"GJ 3988",1.,3.45e3,"k-m"
-23.47802660821599,-11.157642627555115,-16.923720806170135,"GJ 3306",1.,7.28e3,"DQ7"
-22.311720270829422,-6.073325549421637,-20.762877942413446,"GJ 1065",0.35,3.3e3,"dM4"
7.358858454533378,-26.653599769961026,14.224314494315697,"HIP 56452",0.85,5.1e3,"K0V"
7.365638380443131,-26.653760934672167,14.220502821606345,"Gl 432 B",1.,0,"m"
-8.589391797860785,-0.5712332870377249,29.888930580757723,"HIP 56997",0.88,5.3e3,"G8Vvar"
29.108514046748457,-11.136542172979858,-0.11474293314222213,"Gl 633",1.,3.64e3,"M3"
27.86592491119277,7.572613131712124,11.883235469493787,"GJ 1207",0.38,3.3e3,"dM3.5"
7.855214778414691,-3.7169458265505892,-30.0548551493003,"GJ 1001",1.,3.61e3,"M3.5"
-27.72201975542697,3.1570733353437137,-14.28651690490381,"GJ 3253",1.,0,"M4.5"
-29.32851743428685,1.6081761391968665,-10.94686453268635,"GJ 3275",0.31,3.2e3,"dM4.5e"
-15.061318880615392,-20.796195889362718,18.210556957836815,"HIP 46655",1.,3.67e3,"K:..."
-3.840413079276198,18.465138117371207,25.302827820011213,"GJ 3855",1.,0,"M6.5"
-14.111101637047485,-1.8985417643393285,28.474563093607795,"GJ 1138",1.,3.57e3,"m"
-23.656675358852414,13.06578197565189,-16.8278556240183,"Gl 102",1.,3.52e3,"M4"
14.021916569559618,20.21683133807434,20.228299434891028,"HIP 82003",0.67,4.2e3,"K7V"
29.98016071088194,-9.521932718129186,-5.102156677916341,"HIP 86057",1.,3.73e3,"K5"
27.352803760733778,6.832103863501522,14.874539410906374,"V2133 Ophiuchi",0.8,4.8e3,"K2V"
15.705786633229003,5.189436541294493,27.380553548280023,"CE Boötis",0.5,3.5e3,"M2Ve"
1.4719037615463764,-31.80877090672999,3.183692199322851,"HIP 47780",1.,3.75e3,"M1:"
15.160042019023763,26.846022478565235,-8.889090455006588,"GJ 1256",0.35,3.3e3,"dM4-5"
-30.701207985898904,-8.821938482117865,3.0601164027702414,"HIP 31635",1.,3.82e3,"M1:"
-6.13630253762254,20.830105451186107,23.73379785068265,"HIP 71898",1.,3.63e3,"M3"
4.712293562749165,-6.1826603335578945,-31.32713914305011,"GJ 3049",1.,0,"M4"
29.99105428523432,7.950397789870636,9.023375882698813,"HIP 84581",1.,0,"Not Available"
-0.7207325708015005,2.918805280052614,-32.2012310350551,"GJ 2012",1.,5.89e3,"DQ9"
25.081239991149033,5.812994729179451,-19.684297015771538,"AU Microscopii",0.55,3.7e3,"M1Ve"
-20.637000209098897,25.11009895902447,1.1296803303782375,"V0987 Cassiopeiae",0.85,5.1e3,"K0V"
-23.818090813302792,9.946298063388708,19.80637204770113,"GJ 3512",1.,3.24e3,"m"
26.793348183123403,14.74905544689455,11.123758539001212,"HIP 85665",0.55,3.7e3,"M1V..."
-4.632466392161998,3.211445033184606,-32.1090086527674,"GJ 1028",1.,3.31e3,"m"
-13.418920689326292,4.747845066206299,-29.32835222420481,"GJ 3119",1.,0,"m"
-21.334671900487603,24.61477181986964,1.306224602228034,"GJ 3126",1.,3.73e3,"M4"
-31.616211459824274,4.30315243756963,-6.682790476697289,"GJ 3304",1.,3.58e3,"m"
10.239855850518815,21.575661908400495,22.190008107300887,"GJ 3959",1.,3.49e3,"m+"
19.693571190131877,17.816979321409367,18.907105072948372,"GJ 3976",1.,3.45e3,"m"
19.127738267158342,2.27670967663569,-26.300325797844366,"GJ 4248",1.,3.58e3,"M3.5"
19.6856112019181,-23.53360794003697,-11.114537404656817,"HIP 76362",1.,0,"Not Available"
-18.605928018196405,26.99198065936022,-0.1192766451893227,"HIP 4872",0.72,4.4e3,"K5V..."
18.79634588694144,13.254486894876136,23.380609168956504,"Gl 609",1.,3.61e3,"M3"
-10.511338673960706,10.009709813914375,-29.5576614230371,"GJ 3079",1.,0,"DAwk"
-6.344510496739981,18.274575730988616,26.660634834498733,"HIP 68184",0.77,4.7e3,"K3V"
-0.24122955790487627,-7.46377652588216,32.08419724132966,"WISEP J121756.91+162640.2 A",0.09,575.,"T8.5"
-17.140191263859638,28.088670533179663,2.7011986898879488,"V0547 Cassiopeiae",0.46,3.5e3,"M2.5Ve"
-17.129807182184347,28.09475249227869,2.7038179157453524,"Gl 22 B",0.38,3.3e3,"dM3.5"
25.921312566208634,20.427815885945773,-2.1979659215673326,"HIP 94349",1.,3.73e3,"M4"
7.873540994318181,-27.873611327764536,-15.98635213796111,"α Mensae",0.92,5.6e3,"G5V"
6.568505985366948,-22.95446118317749,-22.920002759299393,"HIP 14754",1.,9.82e3,"DA"
6.567679275655785,-22.95400029819425,-22.920701229574064,"Gl 127.1B",1.,5.89e3,"Not Available"
15.156786478114721,-19.743864542536322,-21.84913676512743,"HIP 117828",1.,3.85e3,"M..."
18.88378303377054,27.178320362830284,1.5310730772607066,"GJ 1235",1.,3.5e3,"k-m"
-21.829550768948135,14.635815986750629,20.226036316714,"GJ 3526",1.,0,"m"
17.238282518072438,-7.728026115387644,27.273710881691347,"HIP 68469",1.,3.85e3,"K5"
5.262204926999672,-32.48020777615672,4.482693115956484,"HIP 50798",1.,2.13e3,"Not Available"
9.204993166454335,-26.102234350529226,18.35502416455653,"HIP 58345",0.75,4.5e3,"K4V"
-11.309401783384633,17.422635041353224,25.922386865653237,"DP Draconis",1.,3.61e3,"M4"
-29.661081520326242,14.751175061570235,2.549454471996495,"HIP 21553",0.65,4.1e3,"K8V"
12.891490824952676,17.203972537334533,-25.340956212128006,"Gl 852 A",0.31,3.2e3,"dM4.5e"
12.891490824952676,17.203972537334533,-25.340956212128006,"Gl 852 B",0.27,3.2e3,"dM5e"
-8.546473308790384,-28.592928517036878,14.696503847589112,"GJ 1129",1.,3.66e3,"m"
-18.146484227655037,-11.511227950191438,25.392555677931032,"GJ 3571",1.,0,"m"
13.386220995563399,8.453004220796819,29.32205072222382,"HIP 72896",1.,0,"Not Available"
13.389917158927043,8.45632304228154,29.319406040065367,"Gl 568 B",1.,0,"Not Available"
26.10460605291997,5.321527089726816,-20.03327430634112,"HIP 102141",1.,3.72e3,"Mpe"
26.104968797982224,5.322668053129479,-20.032498496628328,"Gl 799 B",0.31,3.2e3,"dM4.5e"
-7.278809274893378,-4.5199929462717705,32.24694247114551,"HIP 57087",0.46,3.5e3,"M2.5 V"
-25.645627626116713,21.579357884780972,-2.480678692766056,"GJ 3182",1.,4.92e3,"DC9"
12.067515520551353,22.471508389052307,-21.894904607498972,"HIP 108782",1.,3.87e3,"M0"
18.976030507929543,20.05945403045652,19.247852298247736,"HIP 83043",1.,3.7e3,"M0.5"
-33.62514392116593,-1.9120105833070045,-1.4958079855599788,"GJ 1083 A",1.,3.3e3,"m"
-23.57133051433947,6.761936243510494,23.13463815422048,"Gl 339.1",1.,7.22e3,"DXP7"
-30.06303039886585,-6.722911688960863,13.724590363448383,"Pollux",21.,4.7e3,"K0 III"
-25.02625781495562,2.7887118309955494,22.46787812767207,"GJ 1119",1.,3.49e3,"m"
-24.50103496797664,18.792954292172457,-13.616940772662545,"GJ 3147",1.,0,"m+"
-3.912362384767268,11.607704355517098,31.5173478422739,"HIP 65026",1.,3.84e3,"K0"
-3.9125923222903416,11.607051150050415,31.517559863668023,"Gl 508 B",1.,0,"Not Available"
-17.69161244633374,-3.864953772313098,-28.589434631740858,"EP Eridani",0.82,5.e3,"K1V"
-19.022690947139345,7.215188929379406,-27.065790084713726,"HIP 10279",0.42,3.4e3,"M3V:"
-16.150137576042027,-1.110977571471846,29.771052359315526,"GJ 1134",1.,3.54e3,"m"
-1.304492478663699,-12.543776196413699,31.491518905353615,"Gl 452.1",1.,3.53e3,"M3.5"
23.919157967123727,23.6704773554918,4.556161858415199,"GJ 4071",1.,0,"m"
-11.26062952431246,-3.1637199462577192,31.880484287605658,"ξ Ursae Majoris A",1.1,5.9e3,"G0Ve"
-11.26062952431246,-3.1637199462577192,31.880484287605658,"ξ Ursae Majoris B",1.1,5.9e3,"G0Ve"
-32.256501028109206,10.257017310044557,-3.1435137489947254,"Gl 170",1.,3.48e3,"M4.5"
15.721018679771396,13.122732023729517,-27.177748583408363,"GJ 1265",1.,3.48e3,"m"
9.794238996184388,-30.71635128644533,11.261989296155484,"V857 Centauri",1.,3.6e3,"M"
-20.81115905151922,12.404987122095806,24.09847599216103,"HIP 48714",1.,3.89e3,"M2"
5.8039964082310584,-33.402591811974546,-4.363486237481656,"HIP 45908",0.6,3.8e3,"M0V"
-2.745684506583906,-26.74374629417948,-21.326139476971107,"GJ 2036 B",1.,3.65e3,"Not Available"
-20.77278075292133,26.41516574000016,6.949955738639911,"GJ 3125",1.,3.28e3,"m"
-30.204284877275118,-2.602746063451861,-16.077891013590207,"GJ 3270",0.35,3.3e3,"dM4e"
7.599773724400417,10.526488456152233,31.76486249227467,"LP 271-25",0.095,2.4e3,"M9Ve"
-11.950225236839302,-28.15521358416326,15.598068416596766,"HIP 46706",1.,3.73e3,"M2"
-11.95390201262867,-28.15537105504313,15.59496653018216,"Gl 352 B",1.,0,"Not Available"
-27.922703348882653,19.557748805792258,-4.139385625356221,"ι Persei",1.1,5.9e3,"G0V"
-28.701513435976306,13.21925353833779,14.272970388571549,"HIP 33142",1.,3.72e3,"M:"
-9.23440790581081,24.580059201732134,-22.656347479819573,"GJ 3010",1.,0,"m"
-4.538620830480673,26.429024623053294,22.114653866411775,"HIP 79755",0.6,3.8e3,"M0Vvar"
21.848829433327346,27.035494368903954,2.1871547885278853,"GJ 1232",1.,3.33e3,"k-m"
3.04328343093699,-29.148639677456284,18.846480405500312,"HIP 54532",1.,3.75e3,"M:"
-2.3674244841625414,26.390256376073626,-22.66304961199071,"HIP 115332",1.,3.76e3,"M:"
29.457012899373414,15.689976997978828,10.267018652387128,"HIP 86400",0.77,4.7e3,"K3V"
-4.579359687734716,26.616450686440754,22.263514983196714,"EW Draconis",1.,3.79e3,"M3"
15.699224079875918,31.29421340032498,0.5715556150351202,"Gl 766 A",0.31,3.2e3,"dM4.5J"
15.699224079875918,31.29421340032498,0.5715556150351202,"Gl 766 B",1.,0,"Not Available"
-18.24920295168925,8.73156342383371,-28.626864733045572,"GJ 1041 B",1.,0,"m"
31.660920668332484,8.885399021505355,12.162671561774966,"HIP 83591",0.72,4.4e3,"K5V"
-17.644306354957543,-6.632023359485153,-29.56798322988118,"HIP 14101",1.,0,"Not Available"
-33.07523213356828,-11.668946557374813,-2.173076413771426,"Gl 228 B",1.,0,"Not Available"
9.257470318590764,-13.771145656266384,30.984845712009005,"HIP 62687",0.57,3.8e3,"M0.5V"
-16.799494184650346,29.81816130827759,8.119022384895546,"Gl 909 B",1.,0,"M2"
-16.802381058294436,29.816502992072646,8.119138703919146,"HIP 117712",0.77,4.7e3,"K3V"
16.393046165008165,21.466172279133037,22.562472978963005,"ζ Herculis",3.3,6.e3,"F9IV"
16.396971259974723,21.466235153747174,22.55956080269412,"Gl 635 B",0.85,5.1e3,"K0V"
31.08316247204516,11.036567907563306,12.327971204558102,"HIP 84123",1.,3.65e3,"G"
31.083047977947764,11.038883374342022,12.326186627316135,"Gl 660 B",1.,0,"Not Available"
-19.963520851521977,29.080976531994665,-0.7279576632338111,"Gl 47",0.46,3.5e3,"dM2.5e"
-25.598883234172337,19.302227897078968,-14.910012140426664,"δ Trianguli",1.1,5.9e3,"G0V"
-19.039973942136644,-29.81377607523747,0.406247206965747,"HIP 37217",1.,3.67e3,"M2"
-6.563120263820186,-20.208987327936516,-28.33359917698326,"HIP 16536",1.,3.71e3,"Not Available"
12.763349129373452,18.995815638200135,27.053428929885094,"GJ 3928",1.,0,"m"
13.504236347898528,15.566045247617355,-28.87377264515331,"GJ 4281",1.,3.01e3,"M6.5"
12.084491613729194,31.121943389472204,12.041397349941764,"GJ 4063",1.,3.92e3,"M3p"
0.5891195245866905,-17.321075277234097,31.022430950932673,"Alaraph",1.2,6.2e3,"F8V"
2.120626187190512,7.8578652656470815,34.598380088778185,"HIP 66459",1.,3.97e3,"M9"
-33.47698763113366,-11.818158339023395,-2.2036984575366145,"HIP 29316",0.39,3.5e3,"M2.5V"
1.497786631754198,-16.666988563451056,-31.403286727278566,"HIP 10138",0.85,5151.,"K1 V"
25.959828944755685,24.273909969892586,-2.5016140354037035,"GJ 1236",1.,3.53e3,"m"
0.8218699194411031,27.941309449676282,22.322925302545894,"DN Draconis",1.,8.49e3,"DA"
22.50084732924238,-9.561813054101096,26.130972745858273,"Gl 545",1.,3.66e3,"M4"
-0.5622157851219627,-21.76123862190089,-28.451761559996537,"GJ 3210",1.,6.3e3,"DZ7"
-15.998372883036561,31.3441095255024,-7.313395395715511,"GJ 1004",1.,6.78e3,"DA8"
-9.736796550984195,31.273189676454116,14.80096950511248,"GJ 1238",1.,3.23e3,"m+"
-11.876921099155066,4.26045909157758,33.68964069589308,"HIP 57050",1.,3.76e3,"M4"
-31.454471461063992,-15.621384907030757,-8.01100934874572,"GJ 1086",1.,6.48e3,"DQP8"
-26.46604004918362,-13.962753180302187,-20.247561631715,"HIP 21556",1.,3.79e3,"M1"
-9.084777494514585,-2.876300391269758,-34.875650880274,"HIP 8768",1.,3.91e3,"K5/M0V"
-3.5135001830527126,-11.201826964425184,34.19901995787076,"Denebola",2.,8.7e3,"A3Vvar"
13.745085002483485,30.084527237946467,14.657125261717292,"HIP 88972",0.8,4.8e3,"K2V"
-13.604557504822825,23.55518322934262,-23.890467588985555,"HIP 3093",0.85,5221.,"K0 V"
28.03109204606087,22.923789655472564,0.46335304863082516,"HIP 93101",0.5,3.5e3,"M2V"
18.32554699254452,-12.567958378901452,-28.60539336129319,"GJ 1277",1.,3.4e3,"M4"
-22.176044265089708,11.532211322336444,-26.216025672754117,"GJ 3140",0.35,3.3e3,"dM4"
-34.80178323861389,3.920698195641928,9.247287361424057,"GJ 3396",1.,0,"m"
7.975875403117338,-35.33275201485479,0.17101654127893162,"GJ 3592",1.,5.67e3,"DZ9"
31.100893159683217,-12.090082218226147,-14.092961526285949,"GJ 4078",1.,0,"m"
22.61247218028137,11.946557114266627,25.69711636763193,"γ Serpentis",1.3,6.5e3,"F6V"
-6.407661042740146,-35.708827742017576,1.5167854623197208,"HIP 42808",0.8,4.8e3,"K2V"
24.58113640554135,-9.799149028963232,24.875983819119316,"HIP 70975",1.,3.66e3,"M4"
32.829761832029604,9.212865486291927,12.576838140699675,"HIP 83599",0.6,3.8e3,"M0V"
1.3245969017600083,-35.96924285531691,5.193955326094115,"HIP 48331",0.72,4715.,"K5 V"
-2.910940921249302,-28.3993394501556,-22.64150690573701,"HIP 22738",0.5,3.5e3,"M2Ve"
-23.90077604687288,-3.7307540529684866,27.259162148366624,"SV Leonis Minoris",1.,5.37e3,"G8IV-V"
-23.896581090895893,-3.728358401657552,27.263167426426868,"Gl 356 B",1.,0,"Not Available"
-1.5199595724880455,21.956125889353196,29.074782018911264,"GJ 1187",1.,3.22e3,"m"
30.558674314352956,9.635928348177403,17.493256252162265,"GJ 3967",1.,3.52e3,"m"
-0.11116306473377012,14.791617806358884,33.46453018531432,"Gl 537 A",0.42,3.4e3,"dM3e"
-0.11116306473377012,14.791617806358884,33.46453018531432,"Gl 537 B",0.42,3.4e3,"dM3e"
31.24385770001305,17.851399983542453,-6.666967167589416,"HIP 95071",1.,9.33e3,"DAw..."
31.244275256107887,17.852339932132676,-6.662491961779753,"Gl 754.1B",0.27,3.2e3,"dM5"
7.08504352795246,-3.12395151346449,35.77189490293392,"HIP 64797",0.8,4.8e3,"K2V"
7.0814905512956745,-3.125229979935412,35.77248676001765,"Gl 505 B",0.55,3.7e3,"M1V"
-28.32203113141076,22.462597303604056,-5.839420617753153,"θ Persei",1.2,6.4e3,"F7V"
-28.31922451039627,22.466009317297203,-5.839906390460687,"Gl 107 B",0.55,3.7e3,"M1V"
26.14269044112842,25.011850349315363,5.7164336361188655,"GJ 4065",1.,0,"M3.5"
-17.457089589260956,11.103693384157713,-30.29687470265587,"HIP 8051",0.5,3.5e3,"M2V:"
12.971646108227247,3.515407485125665,34.14097106924159,"Arcturus",25.4,4.4e3,"K2IIIp"
-23.898604695205933,17.851941509038806,21.682623790029997,"Gl 325 A",0.72,4.4e3,"K5V"
-23.898604695205933,17.851941509038806,21.682623790029997,"Gl 325 B",0.7,4.3e3,"K6V"
11.110140724850643,1.1002050379781128,35.24807433305237,"Muphrid",3.7,5.9e3,"G0IV"
17.15322759661734,31.258277050475364,9.833632637692709,"HIP 91699",1.,3.68e3,"M4"
-8.099145298154202,-9.269089415307493,-34.940614585613055,"GJ 3149 B",1.,0,"M4"
13.750386262919035,31.36247225837558,14.13081139695449,"GJ 4048 A",1.,3.68e3,"m"
13.750693531186347,31.361438572259285,14.132806420012962,"GJ 4049 B",1.,3.43e3,"m"
-35.34372719832478,-9.034453325467025,-6.685813185763701,"HIP 26335",1.,3.93e3,"K7"
18.39067564403054,11.065193818916837,30.30312138699809,"HIP 75187",1.,3.07e3,"M9"
21.40719032828379,-17.034522655668667,25.147182382652414,"HIP 67164",1.,3.73e3,"M:"
17.278396225809562,-20.566299463782926,-25.68314572211458,"HIP 116745",0.77,4.7e3,"K3V"
-21.337670968543407,-27.668603650810297,-12.759837308331607,"HIP 29052",1.,3.65e3,"Not Available"
13.986191216741936,34.421278708990556,2.3303859802582827,"HIP 97241",1.,0,"Not Available"
6.820032741642186,-7.069002448949768,35.96234840663893,"DT Virginis",1.,3.82e3,"M0.5"
6.272488500514174,31.556347317480455,-18.854270331288145,"HIP 109555",1.,3.85e3,"M2"
-4.814895907353006,-34.48133392402185,13.549709010558784,"HIP 48659",1.,3.6e3,"Not Available"
-35.57477441189389,2.59791449520859,-11.238496323717268,"HIP 20917",0.67,4.2e3,"K7V"
-34.14260327561149,-1.8546543008564587,15.169649006110006,"BL Lyncis",1.,3.7e3,"M4"
-4.636306881350661,-37.105887004561765,-2.401206787926215,"GJ 3500",1.,0,"M3"
-22.829494763520383,19.443029578807717,22.46978355096257,"GJ 3550",1.,3.28e3,"m"
15.32694848788566,23.44449259689735,24.89072070034659,"GJ 3966",1.,0,"m"
-15.253365201230123,32.61280329777046,-10.41557661553305,"HIP 428",1.,3.84e3,"M2"
5.52884681429178,-24.168844620949805,-28.14810929775991,"HIP 13389",1.,3.72e3,"M"
-3.6070216178813603,-16.518973490263896,-33.50264239622964,"CC Eridani",0.67,4.2e3,"K7VcompSB"
-2.0882933118363396,-30.110476370541857,-22.379948124876208,"HIP 23708",0.67,4.2e3,"K7V"
17.04752012936158,7.437140846102792,32.68390208931111,"DE Boötis",0.8,4.8e3,"K2V"
-20.361690737206125,-17.84614043437528,26.18357736459257,"HIP 47513",0.39,3.5e3,"M2.5V"
-33.15829400980588,5.719931931024345,16.976095648917934,"Gl 275.2A",0.2,2.7e3,"sdM5"
-33.1599819144132,5.701274776788465,16.97907452050823,"Gl 275.2B",1.,4.77e3,"DC"
-8.937796731141681,23.505835223573044,-28.187994631841335,"Gl 12",0.38,3.3e3,"dM3.5"
28.40744919262364,24.867308295989304,1.6091260632324795,"V1285 Aquilae",0.5,3.5e3,"M2Ve"
27.959912180636156,23.461438835067582,-10.070133293707276,"Gl 772",1.,7.59e3,"DA6"
23.648401752901663,-11.990055184683687,27.091118285096247,"Gl 540.2",0.24,2.8e3,"dM5.5e"
-9.528888347333503,19.614729647483056,-31.006481571270424,"GJ 3039",1.,0,"m"
-22.216664789619834,-30.71351777639577,-0.19502174127391733,"GJ 3442",1.,0,"k-m"
9.401171310860498,14.988996782326145,33.524400130735266,"GJ 3873",1.,0,"M3.5"
-2.1606029634938344,-30.415376826871483,-22.646527976812614,"ζ Doradus",1.2,6.4e3,"F7V"
-12.206434073623285,-10.17365334612531,34.53231998472588,"DS Leonis",1.,3.89e3,"K"
12.21657550997773,35.27719314924799,7.527603332118461,"GJ 1234",1.,6.67e3,"DC7"
4.713150549016386,19.494796801696005,32.43768800105554,"HIP 73470",1.,3.91e3,"M0"
-15.645998747305553,33.309270566830406,-10.639312050763248,"HIP 473",1.,3.93e3,"K2"
-15.639861645474213,33.31272023869855,-10.637534548918511,"Gl 4 B",0.57,3.8e3,"M0.5V"
20.748333807061627,10.01011235245371,30.607224302116585,"Gl 585",1.,3.42e3,"M4"
26.72164475979128,7.633149365483723,26.37917742979533,"λ Serpentis",1.1,5.9e3,"G0Vvar"
4.33302274823217,34.63302691128933,-15.83198765850994,"ι Pegasi",1.3,6.7e3,"F5V"
26.755791400593647,-27.33577849676791,2.6701216727503687,"HIP 69454",0.5,3.5e3,"M2V:"
-2.1583955773916683,-0.22362955692635988,-38.33689798452189,"GJ 2020",1.5,7.3e3,"F0V"
-33.589674484250985,-6.090888985235849,-17.71785521604806,"HIP 21000",1.,5.97e3,"F8+..."
31.962439760292803,-6.187562076314353,-20.487893986845716,"HIP 98679",0.72,4.4e3,"K5V..."
31.961850188722835,-6.185625881686361,-20.489398354280446,"HIP 98681",1.,0,"Not Available"
24.598659641539374,18.40881062332007,-23.178770748180224,"HIP 104432",0.5,3.7e3,"M1V"
-30.120602331297757,14.84910947486077,18.85193015181449,"HIP 36834",0.56,3.9e3,"M0V"
20.81852958114174,16.42631686156368,-27.97056899795344,"Deneb Algiedi",1.,8.32e3,"A5mF2(IV)"
9.094758232993065,-16.271365373515426,33.76202229765915,"Porrima",1.5,7.3e3,"F0V+..."
9.097259425810993,-16.26966078910692,33.76216990609574,"Porrima B",1.5,7.3e3,"F0V"
26.91484467779607,-27.627630391469673,0.8412771713870907,"HIP 69972",0.77,4.7e3,"K3V"
-30.177251070617825,23.04744005679879,6.822990118411199,"GJ 3266",1.,3.53e3,"m"
-23.329537961419824,18.323204906309353,24.7681030351393,"HIP 47620",0.39,3.5e3,"M2.5V"
23.56550062891237,-12.178754654159599,-28.164472110477348,"HIP 108569",1.,3.83e3,"M2"
-35.31368618478183,-1.9253777676374402,15.688731188806765,"VV Lyncis",0.38,3.3e3,"M3.5Ve"
-29.429000187555193,5.167462690071671,-24.622547539114105,"GJ 1055",1.,3.49e3,"m"
-23.36087903185068,18.36306135086808,24.824321844130576,"HIP 47650",0.29,3.2e3,"M3.5V"
36.276298441636314,-0.5376034334109225,13.781507364740827,"GJ 3954",1.,0,"m"
33.44611246381957,-9.709374474708861,-17.125274008952214,"GJ 4106",1.,3.68e3,"M2"
21.46705121176385,-4.965389081209646,-31.94840582854003,"Wo 9780",1.,0,"M3.5"
-28.57289671586761,25.07237279928381,-7.978891870646344,"HIP 11048",1.,3.85e3,"M2"
6.203566307808187,37.78429929047623,6.606643949573303,"GJ 1243",1.,3.59e3,"m"
-13.526566425901722,-4.6693412027309815,36.1498711677086,"HIP 54646",0.65,4.1e3,"K8V"
-13.536228462172955,-4.671480390533285,36.14597795377518,"Gl 414 B",0.5,3.5e3,"M2V"
-11.755314350122775,-15.762605214851625,33.62054282560031,"Gl 403",0.42,3.4e3,"dM3"
15.496253616360924,31.832006366892504,16.45749820078091,"GJ 1223",1.,3.43e3,"m"
8.795157000526874,3.283157737140773,37.94460483890048,"GJ 1179 A",0.35,3.3e3,"dM4:"
8.790551523213686,3.2495958756889705,37.94856094816994,"GJ 1179 B",1.,4.51e3,"DC9"
-4.119312446741682,-26.924724356348907,28.101419840701553,"GJ 1140",1.,7.34e3,"DA6"
-17.067480538265098,25.84125668249577,-24.00433913560464,"HIP 3937",1.,0,"Not Available"
-26.233135507971987,29.040695221801617,-1.9334257497386247,"V0596 Cassiopeiae",0.35,3.3e3,"M4Ve"
14.854389580909471,28.501913626974,22.469335728618606,"HIP 84099",1.,0,"Not Available"
5.205262914067443,-38.56057142039808,5.297203094870545,"GJ 1132",0.21,3.27e3,"M4.5 V"
22.14402121010398,25.61645547302936,19.893440960110606,"V0647 Herculis",1.,3.61e3,"M4"
22.146227373369967,25.613959217892468,19.894199300617093,"Gl 669 B",0.27,3.2e3,"dM5e"
20.033689812349014,-33.68841239875368,-2.5368598205451742,"GJ 2092",1.,6.88e3,"DA/F"
-24.59897333977948,-22.629454974738756,-20.627487509996314,"GJ 3331 A",1.,3.76e3,"M2"
-24.598610661838503,-22.62789400412328,-20.62963231122247,"GJ 3332 B",1.,3.78e3,"M3:"
10.31609282228223,-22.09359353123211,30.79195520057729,"GJ 3727 A",1.,3.78e3,"M2"
10.313493758720508,-22.095135496650656,30.791719426430813,"GJ 3728 B",1.,0,"g"
-25.833007425606176,28.107631003525405,9.435420146192175,"GJ 1053",0.22,2.5e3,"sdM6"
4.028079764763863,-26.4291047428748,-28.91051168223509,"ζ 2 Reticulii",1.1,5.9e3,"G1V"
29.098248012118756,-24.62693922162189,-10.203193172324156,"ζ Trianguli Australis",1.1,6.1e3,"F9V"
7.0555711311748865,20.358471837407553,-33.06408067862543,"TRAPPIST-1",0.12,2.55e3,"Not Available"
30.004981777279525,-7.533940176743476,-24.530251735180443,"HIP 102186",0.67,4.2e3,"K7V"
4.100394202589657,-26.510443968090936,-29.00762242980748,"ζ 1 Reticulii",1.,5.8e3,"G2V"
-35.711651878603426,-7.947929782039988,-14.971421771594322,"HIP 22627",0.38,3.37e3,"M3.5 V"
-23.45563159154621,-13.243343447446232,29.108872345895072,"Gl 359",1.,3.42e3,"M4"
-11.77149567134875,-37.72488801173051,3.6135962291177237,"HIP 41926",0.85,5.1e3,"K0V"
-33.05332065477033,12.959051872263126,17.890896887290133,"GJ 3435",1.,1.3e4,"DA4"
-13.41791261694494,-36.19520875243377,9.5083642010005,"GJ 3518",1.,0,"m"
-12.971463763801536,-35.73454908635632,11.632952582972042,"GJ 3533",1.,0,"k-m"
-14.475479852393867,-2.7280454762586688,36.92642050048071,"GJ 3647",0.35,3.3e3,"dM4"
21.992344144166257,-17.729732734201814,27.9738253504885,"GJ 3800",1.,0,"m"
-9.919377058242302,33.132258943580425,-19.704508057659275,"GJ 1288",1.,3.43e3,"m"
16.947175623428027,26.180979835666264,-24.811822764881118,"GJ 1263",1.,3.64e3,"M3.5"
-36.29372426996995,14.172991372355716,8.628995922399234,"V538 Aurigae",0.82,5.e3,"K1V"
35.403290393478684,-15.860600685856886,9.54613739797639,"Gl 590",1.,3.65e3,"M4"
-15.18140843128612,7.847980107167096,-36.2197013761368,"Gl 64",1.,7.16e3,"DA7"
31.373582013173422,-24.39545566629641,-5.551234528972384,"β Trianguli Australis",3.,7.e3,"F2III"
-12.571681585932746,-27.192102424261293,26.70564064781899,"HIP 49969",1.,3.7e3,"M0"
-37.60943604931151,-7.336149142454462,12.228604288917142,"HIP 35191",1.,3.76e3,"Not Available"
-12.359836168088439,20.532448796021853,-32.3338036221335,"GJ 3052",1.,0,"m"
-21.279497961902837,-18.44064528510645,-28.75668935477465,"GJ 3263",1.,0,"M3.5"
-36.644584505332325,-2.1731789385949485,-16.50071423671003,"GJ 3285",1.,6.3e3,"DC8"
-39.135948060876636,-3.28191886589392,-8.79933600971444,"GJ 3333",1.,3.57e3,"k"
-25.253136732544096,12.873574449982284,28.572206502588855,"GJ 3567",1.,3.59e3,"M2"
25.17283336658996,-26.91592148485459,-16.176584803037404,"GJ 4004",1.,0,"m"
17.31754844156378,35.584221622553294,7.327088686067084,"GJ 4098",1.,0,"m"
9.140618064616131,36.77840590615543,-13.550613254833236,"GJ 4201",1.,0,"m"
12.271609072360146,-0.48317061964326513,-38.32747586714654,"GJ 4350",1.,3.62e3,"M4"
13.224852845076088,30.689857694909943,22.44645858000763,"HIP 84790",1.,3.71e3,"M4"
-29.374948464250654,-21.62762431071674,-17.130389215138916,"2MASS J0523-1403",0.1,2074.,"L2.5V"
-26.89362753839053,-20.34477990176878,-22.06934087032713,"HIP 22762",1.,3.72e3,"M3"
-8.02496918840744,-10.378440442496487,-38.15945186567452,"HIP 10395",1.,3.83e3,"Not Available"
-38.996205771631594,-8.22197920467628,-6.601792780842012,"GJ 3356",1.,3.66e3,"M3.5"
-11.607681049932088,31.29166216041959,-22.821083472911056,"HIP 171",1.,5.7e3,"G3V"
-11.603627580896275,31.29857139542256,-22.81366884984317,"Gl 914 B",0.7,4.3e3,"K6V"
-36.99771555789715,14.444051935783742,8.815539681863665,"HIP 26801",1.,3.83e3,"M1"
-22.963620982121576,27.140438946231804,19.81137442357192,"GJ 1101",1.,3.54e3,"m"
20.82446652605789,14.854185785515531,-31.65622557555127,"Gl 843",1.,3.66e3,"M3"
-8.103159318518841,-30.71303294567111,25.469918020072488,"HIP 51007",1.,3.86e3,"M0"
3.9755194365234603,40.54548423013089,0.6307629827024741,"HIP 102401",0.43,3.6e3,"M2V"
-3.6465580050371083,-28.61036285828083,-28.787390589251675,"GJ 1068",1.,3.24e3,"pec"
-16.389693762262247,-37.30793229754981,-0.24462363561160175,"GJ 3466 A",1.,0,"M4"
-13.817628542497166,-35.457542697532986,14.57392119523625,"GJ 3543",1.,3.72e3,"M2"
13.646916223127388,-36.65024649813301,11.611730143532611,"HIP 56998",0.72,4.4e3,"K5V"
-15.707354975729729,31.996830160286947,-19.85431859571811,"GJ 3028",1.,3.19e3,"M6"
-28.07561209509013,18.817751229119892,22.855275541651267,"GJ 3497",0.26,3.e3,"dM5.2"
-30.609009199168245,-9.505065503679083,25.330467050005343,"Gl 324 B",1.,3.59e3,"M3.5"
-30.63275103275462,-9.500603531080065,25.32821090470264,"ρ 1 Cancri",0.94,5196.,"G8 V"
14.479590538188814,-38.195871896388276,2.0225530624245827,"HIP 55042",0.29,3.2e3,"M3.5V"
-34.014451806116384,0.26873327842782374,-22.716675561033963,"GJ 3250",1.,3.31e3,"k-m"
-30.8488288101123,-26.394763229705525,5.181571107872847,"HIP 36338",0.37,3.4e3,"M3V"
-20.61779036913104,26.994840901795474,-22.87962890613925,"GJ 1029",1.,3.29e3,"m"
9.60675832652154,36.1986668004194,-16.572813553139053,"Gl 836.5",1.,8.4e3,"DQ6"
37.35675951801854,-15.85269691234289,-5.780996739781021,"HIP 84051",1.,3.86e3,"Not Available"
-17.62774213102954,30.00694352397887,-21.687779248699023,"Gl 26",0.35,3.3e3,"dM4"
-22.900350717371285,-32.724507542261755,9.390496258443886,"HIP 40693",0.85,5385.,"K0 V"
-21.46164606843988,-12.357324712554446,-32.83915018356806,"HIP 16134",0.72,4.4e3,"K5V"
35.60693277978603,-12.558425643178772,-16.470341534084902,"HIP 93069",0.5,3.5e3,"M2V"
35.60761143619004,-12.555834887414985,-16.47084955241087,"Gl 737 B",0.72,4.4e3,"K5V"
-26.703190134946155,28.40852432515454,-13.374835370682588,"HIP 7918",1.,5.8e3,"G2V"
-40.298382856598145,8.55180512872024,1.5256580218198785,"λ Aurigae",1.1,5.9e3,"G0V"
-31.519678783611123,-26.63392224201268,-0.0796537082363153,"Gl 261",1.,5.05e3,"DA"
11.402532075719472,-24.39196385046308,-31.271015301147838,"GJ 3112",1.,6.67e3,"DA7"
-38.14996836897226,-1.469027462512692,-15.661573423366923,"GJ 3292",1.,0,"m"
-33.12885787777975,-20.29459437163212,-13.909381833787503,"GJ 3357",1.,3.61e3,"M4"
22.604378502410032,-24.54261884850921,24.280909834229185,"GJ 3780",1.,0,"m"
13.752621127585742,36.126497805180634,14.443101596979488,"GJ 4062",1.,0,"m"
23.354654160734786,-26.46227190394029,-21.381530535088096,"GJ 4154",1.,0,"m"
27.247933091900464,29.502358832180324,-9.713764723178976,"GJ 1248",1.,3.65e3,"k-m"
28.196904400457413,19.24300021572775,-23.277412783130245,"Gl 810 A",1.,3.66e3,"M3.5J"
28.20607383828192,19.223675427180066,-23.28227055863396,"Gl 810 B",1.,3.49e3,"Not Available"
-11.787030573967144,-7.9580908389913425,-38.80456452493477,"HIP 10798",0.88,5.3e3,"G8V"
-21.646348988296445,-24.32336812396419,25.46171194401123,"HIP 46580",0.77,4.7e3,"K3V"
31.21100773679612,20.506393362685127,17.801583208120693,"GJ 1215",1.,3.3e3,"m"
15.641529525532695,-21.813134897203817,31.548379247150102,"VHS J125601.92-125723.9",1.,2.62e3,"M7.5"
39.15393492688048,13.438910911496766,-3.180348340010698,"HIP 91430",0.55,3.7e3,"M1V:"
-40.70140796142096,-2.8836938847344893,-7.728153709933423,"HIP 24284",1.,3.72e3,"M5"
4.015996910816719,22.352440135025024,34.8382875161085,"i Boötis",1.,5.79e3,"G2V+G2V"
4.018054270112873,22.354135552594844,34.836962436607514,"Gl 575 B",1.,5.8e3,"dG2"
-39.30892251951524,-10.61062522142131,-8.699368220204564,"V0998 Orionis",0.35,3.3e3,"M4Ve"
11.180310686835314,-29.040096222969602,27.78883809052458,"HIP 59406",1.,3.71e3,"Not Available"
-4.560766659680041,34.61548985032103,22.836689148840193,"HIP 85235",0.85,5.1e3,"K0V"
-34.444591551729474,-20.036814245729573,-12.427385204413046,"GJ 2045",1.,3.32e3,"m"
-0.2077105671401652,37.18018052871334,18.971923863062045,"GJ 4054",1.,4.82e3,"DC:9"
7.46900876558281,30.79541631322357,-27.1943677107413,"HIP 111313",0.6,3.8e3,"M0V:"
-32.21321378925421,-15.598383676404708,21.530784280101237,"HIP 41824",0.27,3.2e3,"M5Ve"
39.43594157203168,-12.885397664714931,4.876780327837854,"HIP 80300",1.,1.28e4,"DA"
33.27291562302236,17.552080917715696,18.211141878999413,"GJ 1210",1.,3.3e3,"m"
34.80720060176048,-20.286796258642426,-11.1226365653133,"GJ 1218",0.26,3.2e3,"M4V"
3.4600957609710887,-30.046649684369083,28.845011881197735,"GJ 3668",1.,3.38e3,"m"
-3.032096563113216,32.785582296759166,-25.74338687213222,"GJ 4326",1.,3.66e3,"M4"
9.040401890908036,-0.3853834199810263,-40.803582336333236,"GJ 4387",1.,0,"M4"
-0.7510431749946278,-36.13810879155014,-21.084370463528,"HIP 27887",0.77,4956.,"K3 V"
-23.110341973278388,11.158352600237862,33.11064735972959,"HIP 51459",1.2,6.2e3,"F8V"
38.54984139461524,-0.3444728900099561,-16.543182822690785,"HIP 95326",1.,0,"Not Available"
39.650723281753145,-12.887721935728853,4.872256912132268,"HIP 80337",1.,5883.,"G3/5 V"
16.52782061893663,-38.63118474716604,-0.4836705041016691,"HIP 55691",0.67,4.2e3,"K7V+..."
16.53014256309579,-38.630199946184746,-0.4829756141789607,"Gl 428 B",0.6,3.8e3,"M0Ve"
7.353687618555707,12.8313407839392,-39.378908862380094,"Gl 897 A",1.,3.78e3,"M3.5J"
7.353687618555707,12.8313407839392,-39.378908862380094,"Gl 897 B",1.,0,"Not Available"
6.575976085005755,-26.007351514660876,32.414865137365496,"HIP 58576",11.,4.9e3,"K0IV"
-40.56719066583029,11.26930561546997,-1.1435200694671792,"GJ 1073",1.,3.64e3,"k"
-1.8669143447689134,-34.603526665899786,24.03538362856324,"Gl 401 A",0.37,3.4e3,"M3V"
-1.8669143447689134,-34.603526665899786,24.03538362856324,"Gl 401 B",1.,5.6e3,"DQ9"
-40.15594366572461,12.342896867878732,3.769794425681899,"Capella",12.,5.e3,"G5IIIe+..."
-40.1540821307125,12.34851960828707,3.771208890378592,"Capella Ab",6.4,5.8e3,"G0III"
40.66030330204208,-7.025151807016577,-9.02813811657318,"HIP 89211",0.67,4.2e3,"K7V"
34.81737597209443,17.2958524950479,16.53837100250803,"GJ 1214",0.18,3.17e3,"M4.5"
-35.659237444286546,-17.9097373976656,-14.098099646145805,"HIP 25623",0.72,4.4e3,"K5V"
40.88615488227676,9.496603190044823,-5.447304445955329,"HIP 91438",0.92,5.6e3,"G5V"
-16.30264444743809,21.766727769643655,32.44132189527245,"HIP 60444",1.,0,"Not Available"
-12.516925344250422,-3.82797871779752,-40.263501942763625,"GJ 3131",0.43,3.6e3,"M2V:"
-32.59101140843683,1.3320291412798333,-26.99126371092726,"GJ 3224",1.,0,"m+"
-41.287245810068214,4.759786228236481,-8.07367602826687,"GJ 3309",1.,3.75e3,"M2.5"
30.362561629608265,20.07211962043267,21.62635695030783,"GJ 3981",1.,0,"m"
-4.82767009331235,26.74770383618381,-32.46121271026497,"GJ 4368",0.37,3.4e3,"M3V"
12.594730771585715,-33.96997188494859,-22.11857448699351,"GJ 1077",0.52,3.6e3,"M1.5V"
11.785104094933413,-0.14827673404146074,40.83642906018945,"HIP 67090",1.,3.92e3,"Not Available"
-26.569158764048783,33.14859877258112,1.3329533754246452,"GJ 3106",1.,6.53e3,"B5"
-12.18503901830672,31.68288754820192,25.69775800022165,"HIP 76832",1.,3.58e3,"M4"
-3.4142435130970483,-38.91955037428614,-17.059213992662546,"HIP 31862",0.67,4.2e3,"K7V"
-4.196938735216156,-30.26407589577976,-29.73801556395871,"HIP 19884",0.72,4.4e3,"K5V"
0.14080649929989938,-23.909263961355343,-35.30832931476967,"HIP 13218",1.,3.78e3,"M"
35.96277909655851,-4.54402163018206,22.511580707037293,"Gl 592",1.,3.68e3,"M4"
-1.1118171643397001,-1.1477293135979099,-42.68492828024038,"HIP 4569",1.,3.71e3,"Not Available"
-35.85593119823282,10.978258125309965,20.466060306996617,"HIP 36915",1.,3.66e3,"M0"
-40.7183651629574,12.364999854521047,3.8279180334005063,"Gl 195 A",0.5,3.5e3,"dM2"
-40.7183651629574,12.364999854521047,3.8279180334005063,"Gl 195 B",1.,0,"M4:"
29.372135701086105,29.105130175823707,-10.844086666277672,"V1654 Aquilae",0.75,4.5e3,"K4V"
-15.950018676786874,39.61987210533548,-2.1767750899248703,"HIP 115562",1.,3.85e3,"M2"
9.900239990801195,3.9727869323347873,41.43098277512577,"HIP 67593",1.,0,"Not Available"
-29.350404227475867,19.00787265775686,24.649138145027845,"GJ 3506",1.,3.69e3,"M3"
-27.238971083721243,32.852107269908984,-3.52369398153586,"Gl 63",0.42,3.4e3,"dM3"
7.519761585301502,39.98305699713045,-13.46802073601004,"HIP 106811",1.,3.8e3,"Not Available"
4.028492683282788,-33.71402839596926,26.21251317742363,"SZ Crateris",1.,4.05e3,"K4/K5V"
-2.0384833076911333,-2.652818589446059,-42.76411218826063,"GJ 1031",0.27,3.2e3,"dM5"
4.027143504243018,-33.71395811460027,26.21281088565738,"Gl 425 B",1.,0,"m"
-20.791464051597988,36.42696301067074,-8.986301940271774,"GJ 3036",1.,0,"m"
-37.216290399029944,17.18745056020934,12.629380002146073,"GJ 3372 B",1.,0,"m"
-18.108100624776153,22.70043021905498,31.571322008624094,"GJ 3704",1.,0,"M4"
15.95417669865917,-1.6932524310348531,39.781367696987196,"GJ 3817",1.,3.57e3,"M3"
24.33688592024784,32.427850272684736,14.0039727215577,"GJ 4044",1.,0,"m"
0.7005350470459385,7.489413101628862,42.25291280178652,"HIP 65011",1.,3.84e3,"M0"
-41.305282055491624,0.6573758117052427,11.96331601464912,"GJ 1092",1.,3.57e3,"m"
41.597258148140035,10.51514559888974,-3.630828380219972,"HIP 90790",0.82,5.e3,"K1V"
-23.32235667446362,20.658747243753275,29.812111261168006,"GJ 3612",1.,3.72e3,"k-m"
-2.2842060305460765,15.502716208851346,40.27795197866881,"HIP 66625",1.,4.e3,"M2"
-37.909542657362245,20.877331010131837,1.1528088279044773,"Gl 164",1.,3.55e3,"M3.5"
41.31300335818529,-1.4281728718758389,-13.058305632063071,"Gl 732 A",0.69,6.e3,"sdG0"
41.31300335818529,-1.4281728718758389,-13.058305632063071,"Gl 732 B",1.,0,"Not Available"
9.024437551672165,-0.6788301516526185,-42.39602928861311,"GJ 3001",1.,6.58e3,"DC9"
-5.4421770729631005,34.06446531439183,26.254880049863196,"GJ 3971",1.,3.22e3,"m"
-29.200614370853,-20.835892596487994,-24.444238319327923,"IX Eridani",1.,5.7e3,"G3V"
-12.97639747663161,-37.19018886216515,-18.38059588245465,"GJ 1088",1.,3.66e3,"M3.5"
-41.31328977816252,-1.8674403996710374,13.381643963072797,"GJ 3423",1.,0,"m"
-25.780741493490265,7.714995328457517,34.134662468429184,"GJ 3586",1.,3.57e3,"k-m"
34.73363053022655,-6.042718238328859,25.424440301471495,"GJ 3900",1.,3.76e3,"M3"
17.610960984806116,27.322823607376332,-28.85586358111628,"GJ 4239",0.27,3.2e3,"dM5"
-30.00399274599267,-23.046625625303147,21.458788814409306,"HIP 42748",1.,3.95e3,"M0"
16.537584609101778,40.18244699911362,2.5040315931408084,"HIP 97292",1.,3.77e3,"M1+..."
16.537172273022342,40.18239400209824,2.5076026732490493,"Gl 767 B",1.,3.76e3,"M2:"
-5.736181383117967,-26.33457521056146,-34.2055796825104,"HIP 16711",0.67,4.2e3,"K7V"
-5.149962023729826,14.96970605477066,-40.606168426707335,"GJ 1012",0.25,3.2e3,"M4.2V"
-7.966024946749422,38.74213045600152,18.304752713624868,"Gl 742",0.00474,9.5e3,"DXP5"
24.768768482247932,-10.405769235365142,-34.35450557001593,"HIP 110443",0.67,4.2e3,"K7V"
32.12779439489857,-18.07803825723682,-23.46592405358088,"Gl 774 A",0.37,3.4e3,"M3V"
32.12779439489857,-18.07803825723682,-23.46592405358088,"Gl 774 B",1.,3.71e3,"m"
4.757238400376016,-13.454674081500388,41.31616905520012,"HIP 61094",1.,3.88e3,"M0:"
-1.1919088265534001,23.169511599497994,37.101822388983166,"HIP 71181",0.77,4.7e3,"K3V"
-27.533533029341655,34.0181405118728,1.4257713039017748,"HIP 8070",0.72,4.4e3,"K5V"
27.662278695149766,-0.07396943993063662,-33.96610378142327,"HIP 107711",1.,3.69e3,"M6"
-34.300571488351785,27.36090076770365,0.708850552211251,"HIP 15220",1.,3.9e3,"M2"
-34.296191633260335,27.366361560596207,0.7099708975666544,"Gl 130.1B",1.,0,"M2"
-27.83493027327939,30.34429042242205,-15.2365361308317,"υ Andromedae",1.2,6.2e3,"F8V"
-10.571417013728835,-10.862159602450491,41.23801570605493,"Gl 427",1.,7.59e3,"DA7"
-29.45948473387577,7.57205329969009,31.74470837775661,"θ Ursae Majoris",2.6,6.5e3,"F6IV"
-29.452704822782533,7.578352310495306,31.749496006093004,"Gl 354 B",1.,0,"Not Available"
-42.27669629919886,1.0743575975906678,-12.061660359249817,"V0834 Tauri",0.77,4.7e3,"K3V"
15.51461077629122,-16.15058043087542,-37.936962150741685,"GJ 3009",1.,3.73e3,"M4"
11.824002468511395,-30.6606474729844,29.34064957188076,"GJ 3709 B",1.,3.54e3,"m"
27.637992254801972,25.414495934951162,23.1119447124987,"HIP 83762",1.,3.71e3,"M3"
-29.41343789058578,-4.166192537107757,32.62780871813152,"HIP 46769",1.,3.83e3,"M0"
19.50327290643434,7.3608691204198315,-38.91149606260576,"HIP 111960",1.,4.42e3,"K4/K5V"
4.583567173973189,-14.06494958162706,41.64175236528848,"HIP 60910",1.,3.56e3,"M:"
11.007320113379315,37.446130257646765,20.749955597147657,"HIP 87938",1.,3.71e3,"M:"
-38.43577880672632,17.77676655642907,13.024753666604706,"HIP 28368",1.,3.82e3,"M1"
25.549324832847013,-9.805400652591604,-34.92777654148406,"HIP 110109",1.1,5.9e3,"G1V"
25.550836535929083,-9.79996502345413,-34.92819625151206,"Gl 853 B",1.,0,"Not Available"
9.501812194328156,25.570259684384407,35.12680921465238,"GJ 1194 A",1.,3.69e3,"m"
9.504021427516275,25.571339762094965,35.125425269639145,"GJ 1194 B",1.,0,"m"
8.458457636497739,5.844031520233003,43.30143761933598,"HIP 67422",1.,4.49e3,"K2"
8.460253098746076,5.845032955979635,43.300951688480374,"Gl 528 B",0.7,4.3e3,"dK6"
15.575208361950931,40.04369516510885,-11.625476954691587,"HIP 103441",1.,3.74e3,"M3"
-23.063150573631816,34.38746630246842,16.4014329364511,"GJ 1035",1.,3.4e3,"m"
-13.195988806516121,-35.709808006627874,23.227610741060086,"HIP 48336",1.,3.88e3,"M0"
37.722411794847766,-21.707665444649987,-9.811812305459087,"HIP 83990",0.85,5.1e3,"K0V"
-37.29183995417126,20.69749372219791,13.154392658197219,"HIP 27188",1.,3.99e3,"M0"
-41.81181575723156,12.169296400452183,-9.871448010159323,"HIP 19337",1.,3.8e3,"M1"
-13.044767793450466,-24.668148110258095,34.86551123295624,"Gl 398",0.35,3.3e3,"dM4e"
-41.974609139893644,-7.58024268512049,-13.22729217856986,"GJ 3326",1.,0,"m"
-14.076202684070429,34.86895775749281,-24.11248753009154,"V0439 Andromedae",0.85,5.1e3,"K0V"
30.11200878839575,31.783168144490837,-8.951140587711818,"Alshain",10.,5.1e3,"G8IVvar"
30.111514209275423,31.784585245227795,-8.947771854643367,"Gl 771 B",1.,0,"M3"
-33.57113439160551,-3.2217979724212054,-29.37549995186368,"HIP 16852",1.1,6.1e3,"F9V"
-26.89494522782371,32.58165813752163,14.845140155145408,"HIP 15638",1.,3.66e3,"M2:"
-1.343612771028481,-44.755116808349136,-0.6737738124381871,"Gl 333",1.,3.71e3,"M3"
-28.180079175502396,23.130474381153746,26.002782823430717,"GJ 3520",1.,3.52e3,"m"
-9.516657460998536,-34.935005739328915,26.3593028064403,"HIP 50341",1.,3.78e3,"M0"
37.76992110724619,-23.77363738666178,-4.033834994224836,"HIP 79537",0.85,5.1e3,"K0V"
0.3413611733478302,27.582783044021916,-35.353594535432684,"Gl 895.2",0.01,1.2e4,"DAV4"
11.128190990480954,-2.178189935079315,43.40982822810846,"HIP 66077",0.35,3.3e3,"M4Ve"
11.125719591438243,-2.178564056804995,43.41044292757854,"Gl 516 B",0.38,3.3e3,"dM3.5e"
-1.7034535514668903,27.005524515157294,-35.90462533625198,"ι Piscium",1.2,6.4e3,"F7V"
-21.12190527387988,37.82012637994892,12.05827191096194,"Alrai",14.,4.8e3,"K1IV"
6.208233963807918,1.5410742620352305,44.50820240727584,"GJ 3779",1.,3.62e3,"M3.5"
27.652440712941647,26.174789810882093,-24.07069834057059,"HIP 103800",1.,3.75e3,"M3"
-5.209252766887714,43.44729799467854,-10.877027550348394,"GJ 1270",1.,3.58e3,"m"
45.02275952256203,-1.804542923173839,-1.8536257056708472,"HIP 86963",0.5,3.5e3,"M2V:"
29.477886150952944,-33.67484443290798,5.982477161688095,"Gl 524",1.,3.73e3,"k"
22.08050267984676,35.741456841560236,-16.544844918381774,"GJ 4169",1.,3.48e3,"m"
2.8013065274954583,-40.91872230394439,18.897127623030087,"HIP 52596",1.,3.79e3,"Not Available"
-11.06522817448101,33.97627023179066,-27.70493129355863,"GJ 1292",1.,3.73e3,"k-m"
-24.96095340013194,12.053916198647263,35.721731970675805,"Gl 394",0.67,4.2e3,"K7Ve"
41.21628042123308,-8.24611503052806,-16.71280019736903,"HIP 93206",0.37,3.4e3,"M3V"
-4.5402181434548865,8.395554070890054,-44.26041238214796,"GJ 3053",1.,0,"m"
-42.30960081397441,15.437054561415506,4.655955635110437,"GJ 3336",1.,3.75e3,"M2"
6.29396958139115,24.352107032672173,37.648931925409464,"GJ 3898",1.,0,"m"
24.046900974333575,35.80515240400546,13.777484217266146,"GJ 4055",1.,3.64e3,"M3"
38.32136104462244,23.596182174107394,4.977417605580337,"GJ 4056",1.,3.71e3,"g"
10.1153617911816,32.35013620985743,-30.0205058235797,"GJ 4279",0.42,3.4e3,"dM3:"
11.724694402516489,33.81944059132135,-27.75918087815168,"HIP 109638",1.,3.72e3,"M3"
-31.307986016532098,19.571260291503158,26.25131986324937,"HIP 42220",1.,3.92e3,"M2"
-8.234437858020316,-24.976030985259438,36.934733835399534,"GJ 3637",1.,3.48e3,"m"
38.5875512466082,1.5824515428299288,23.826655913177714,"HIP 78353",1.,3.8e3,"M0"
22.75387157177363,-4.395481460498227,39.044362756692756,"GJ 1182",1.,3.49e3,"m"
27.631631931579538,13.625022356355634,-33.438323649268064,"Gl 836",1.,3.71e3,"M3.5"
7.97208674003257,13.798128145363123,-42.58318818650404,"HIP 116215",1.,4.14e3,"K5/M0V"
1.0793324737378478,-29.374816762885732,34.73749616549602,"HIP 56157",1.,3.72e3,"Not Available"
-33.28752929804934,15.98354506143655,-26.636862488506047,"HIP 12097",1.,3.84e3,"M2"
-6.987497735889122,-14.922075603878332,-42.47208402880986,"HIP 10812",1.,3.78e3,"Not Available"
-20.021246820985695,-7.643465291729605,-40.20073141607695,"τ 1 Eridani",1.,6.48e3,"F5/F6V"
1.3891451672434765,24.72735545423145,-38.23610411689462,"HIP 116317",0.39,3.5e3,"M2.5V"
11.665151559404325,23.20298296843769,-37.529566931469326,"HIP 112774",1.,3.87e3,"K5"
-44.40362853787446,0.8183055383538171,-10.598452385547493,"GJ 1072",1.,3.22e3,"m"
-3.123760685746796,19.453802263635932,41.19544125310096,"HIP 67691",1.,4.09e3,"K5"
-41.32146141438354,18.550011580610228,6.002591324968857,"HIP 23518",1.,3.97e3,"M0"
40.004510908883866,3.5322649387683764,21.855837275495038,"HIP 79672",1.02,5809.,"G1V"
-25.680503356015265,-15.392507554047674,-34.66653566954726,"HIP 17420",0.8,4.8e3,"K2V"
0.710613611305366,-2.368610279737845,-45.84232580210124,"HIP 4148",0.8,4.8e3,"K2V"
-15.360756715221527,43.25490177764102,1.1372143936705517,"Gl 878",1.,3.65e3,"M3"
-19.997489460356796,30.283739343889827,-28.128788772934264,"GJ 3061 B",1.,0,"m"
-12.492380916453914,-44.18324589786086,-0.11389980977189038,"GJ 3490 B",1.,0,"Not Available"
-4.359353461693178,26.76184220343523,37.054437496408774,"GJ 3861",1.,0,"m"
32.56161317849014,28.911175020101584,14.564219274452816,"GJ 4038",1.,0,"m"
20.54835280693612,8.009025086942833,-40.27223711478817,"GJ 4288 A",1.,0,"m"
20.546096561281598,8.007017081514688,-40.27378752692918,"GJ 4289 B",1.,0,"m"
-20.10227059529409,1.4374188309076592,41.2642567821683,"HIP 53721",1.23,5892.,"G0 V"
-0.6424072681056415,38.687575109991464,24.74445946691868,"HIP 86036",1.1,5.9e3,"G0V"
-0.6477760443328116,38.6860667229712,24.746677697394492,"Gl 684 B",0.77,4.7e3,"K3V"
-0.4864619839894638,38.732804743520006,24.712947367000446,"HIP 86087",1.,3.86e3,"M1"
-16.48303609991511,36.34973976939932,22.829799347521163,"GJ 1220",1.,3.44e3,"m"
-21.613560717899155,-0.6635894069714475,40.600196829469276,"HIP 52600",1.,3.92e3,"M2"
-21.613423602403344,-0.664130589473135,40.60026097370324,"Gl 400 B",1.,0,"Not Available"
-17.130592576531452,-16.812691871622942,-39.248436888442114,"α Fornacis",1.2,6.2e3,"F8V"
-17.125073860655984,-16.813619607869818,-39.25044775592495,"Gl 127 B",0.89,5.4e3,"G7V"
40.0311575599818,22.727355548613208,-1.066177873965558,"HIP 92200",1.,4.13e3,"K5"
14.993658627713431,41.02422821608481,14.572793057370642,"GJ 4073",1.,0,"m"
45.99474253807235,-1.846905631158473,-1.8897334559553294,"HIP 86961",0.5,3.5e3,"M2V:"
-40.01445457502093,-15.066701831477449,17.19319766124555,"HIP 38082",1.,3.78e3,"M2"
18.917309604978193,-14.664202203260993,39.47252667898982,"HIP 65714",1.,3.74e3,"M4+..."
18.91385762927683,-14.6610013408526,39.47536979791513,"Gl 512 B",1.,3.54e3,"M4"
-0.7253838058582335,-18.93015643681559,42.11070186387529,"GJ 3693",1.,3.49e3,"M6:"
-27.935631019759104,-11.585406618826774,34.902293215220396,"HIP 47741",1.,3.73e3,"M:"
32.86608142150501,-12.046623494277448,-30.204988848751206,"HIP 103910",1.,3.58e3,"M4"
28.194839496959382,-22.80636976424521,28.70134285060194,"HIP 67487",1.,4.2e3,"K4/K5V"
-33.82385001147193,-30.631760925583734,7.7160382484257415,"V0869 Monocerotis",0.8,4.8e3,"K2V"
-33.81792914477803,-30.63574521694583,7.7261656880095595,"Gl 282 B",1.,4.07e3,"K5"
40.20520237507997,12.729198400726572,-19.222463207792924,"V4200 Sagittarii",1.,4.7e3,"K3/K4V"
-4.24619296131851,41.95038719478831,-19.302288286267252,"GT Pegasi",0.38,3.3e3,"M3.5Ve"
26.090976155945842,13.74663101708733,35.87261272658249,"Gl 589 A",1.,3.68e3,"M4.5:"
26.090976155945842,13.74663101708733,35.87261272658249,"Gl 589 B",1.,3.38e3,"M6"
1.5823016382518507,-33.24640700146352,32.3840416164103,"GJ 3655",1.,0,"M8"
-37.38701844067421,21.562781380736343,-17.15863353727528,"HIP 13375",1.,4.09e3,"K6:"
-10.16542638561174,-11.652167603237553,-43.81666062741154,"HIP 10617",1.,3.67e3,"Not Available"
-32.756469933887224,-0.15470856758559498,-33.01054949226892,"GJ 3211",1.,0,"Not Available"
-32.72118552794638,18.40592960982102,27.479107123197725,"π 1 Ursae Majoris",1.,5.8e3,"G1.5Vb"
20.11554027698381,3.9751843335128365,41.77025243712104,"HIP 70865",1.,3.84e3,"M3"
-32.91349602267515,31.703181990682193,-8.972537196021177,"GJ 3136",1.,3.73e3,"M5:"
-36.08921854116414,-1.4522945156729445,-29.39992712744914,"GJ 3237",0.27,3.2e3,"dM5:"
-36.404109910574,-24.924691209093645,14.912947236319175,"GJ 3467",1.,0,"m"
-8.842171718879015,8.073432537778263,45.005890990365415,"GJ 3729",1.,0,"m"
33.98547023338668,-29.75787817042651,-11.329205875642334,"GJ 3943",1.,0,"k-m"
38.21368658925037,-19.77506570935615,-17.82008626602193,"GJ 4060",1.,3.87e3,"K7"
3.983825213298456,-8.976638507946873,45.5651142118074,"HIP 61901",1.,4.5e3,"K2"
-34.651558066656094,-30.404349169524096,7.2850892160436125,"HIP 36985",1.,3.86e3,"Not Available"
34.95201147014281,25.499112677132135,17.5210454893662,"Rasalhague",3.4,8.5e3,"A5III"
7.729402844297769,-4.425794560706747,45.84092726841748,"α 1 Comae Berenices",1.3,6.7e3,"F5V"
7.733200559336047,-4.425162130300747,45.840347815174006,"α 2 Comae Berenices",1.3,6.7e3,"F5V"
-45.647764694930586,-6.004436991386417,-8.00560433896778,"HIP 25220",1.,4.51e3,"K2"
33.68141436849146,-1.4194383091859093,-32.3636790673213,"HIP 104644",1.,3.67e3,"M1:"
22.830336234500624,-0.6882460312840113,40.792401499911485,"HIP 70475",1.,3.63e3,"M:"
-6.439720673002733,45.33092748515041,9.452866247349522,"η Cephei",11.,4.9e3,"K0IV"
39.67020865115118,-24.615101927478737,-3.2374677332965853,"HIP 79190",0.77,4.7e3,"K3V"
14.657525348722618,27.742091307981248,34.768059239610196,"HIP 78775",0.88,5.3e3,"G8V"
14.652684749389968,27.735081627045588,34.77569121436286,"Gl 611 B",1.,3.49e3,"m"
45.112842212871946,-12.235656678477866,3.2042821637430787,"HIP 81935",0.8,4.8e3,"K2V"
22.315211324951562,32.98499493276702,24.809214555912618,"HIP 84862",1.1,5.9e3,"G0V"
11.682105169551598,11.578325287853495,43.97873131027703,"HIP 70218",0.72,4.4e3,"K5V"
-30.365824010507108,11.644561455646256,33.98902094170396,"Gl 363",1.,3.75e3,"M3.5"
-43.59160122468336,0.7185066599364651,17.831409029164774,"HIP 35353",1.,3.78e3,"M1"
40.59236254017523,-17.173312180144187,-16.633828128459676,"Gl 714",1.,3.82e3,"M1"
-17.69339142723733,14.549029847314847,-41.165744105681945,"GJ 3093 A",1.,3.44e3,"m"
-17.69339142723733,14.549029847314847,-41.165744105681945,"GJ 3094 B",1.,0,"m"
27.980373177087046,32.59257314840646,19.343466139105136,"GJ 4026",1.,3.78e3,"m"
10.230936145384085,-1.0054439235568355,46.04440860158733,"GJ 1171",1.,3.39e3,"Not Available"
37.91191243123931,27.123873383406522,7.263152351839377,"Gl 712",0.26,3.2e3,"M4V"
34.5138106129328,31.506055836872083,-6.52554396477829,"HIP 96285",1.,3.97e3,"K5"
21.615375819839212,-40.00680428650498,12.824431932624954,"GJ 1157",1.,3.64e3,"k"
30.39177304960741,-28.25334362125712,22.590337300589898,"GJ 1177 B",1.,4.02e3,"Not Available"
2.267850409146327,35.690422537848384,30.875334356735664,"Gl 630.1A",0.35,3.3e3,"dM4e"
2.263546495508824,35.69405069761347,30.87145575309063,"Gl 630.1B",1.,6.43e3,"DQ8"
-2.511013038543851,-39.7522675696835,25.410376254772288,"GJ 3614",1.,5.6e3,"DQP9"
35.40789329047357,-13.684800102025351,28.12902215037622,"GJ 3866",1.,4.89e3,"DC9"
23.132471056867622,11.631538983487417,39.520006369433254,"GJ 3893",1.,0,"m"
31.403839157206352,26.97849488447161,22.763893078458963,"GJ 3997",1.,3.72e3,"M2"
31.187405319792564,1.844195097052059,35.451745746571,"HIP 74190",1.,3.78e3,"M:"
-22.221508201534387,-36.622313156353684,20.15718950901626,"HIP 44722",1.,3.92e3,"M0"
21.9904196112167,-14.671436671882928,39.32419906866383,"HIP 66675",0.6,3.8e3,"M0V"
46.06132044560953,-11.263545973058346,1.6073447843434219,"V914 Scorpii",0.42,3.4e3,"M3Ve+..."
39.71818945691918,-25.330199176346714,5.708966451292244,"ν 2 Lupi",1.,5.8e3,"G2V"
-21.908852911509893,-38.78934492708473,16.344287793132295,"Gl 326 A",1.,3.64e3,"M6J"
-21.908852911509893,-38.78934492708473,16.344287793132295,"Gl 326 B",1.,0,"Not Available"
-1.3160691108133267,23.98231139572197,40.98140409200045,"θ Boötis",1.2,6.4e3,"F7V"
-1.305892663956259,23.975537410220355,40.98569297944764,"Gl 549 B",1.,3.79e3,"M3"
-42.77000794381863,11.171461097555042,-17.405058771434355,"HIP 17609",1.,3.89e3,"K5"
21.414381781851812,32.64646567876883,-27.091970383685958,"GJ 4203 A",1.,3.54e3,"dM"
21.414381781851812,32.64646567876883,-27.091970383685958,"GJ 4204 B",1.,0,"m"
-26.675911369337744,-34.69589949678507,-18.553555129379596,"HIP 28035",1.,4.62e3,"Not Available"
40.65750864288416,7.363416630432426,-23.629321761726686,"HIP 99150",1.,3.71e3,"M"
40.65779855210761,7.36952074404326,-23.626919844530207,"Gl 781.1B",1.,3.61e3,"M3.5"
-25.226833920232092,-39.70703818972239,-7.56193308221479,"HIP 33817",0.82,5.e3,"K1V"
5.271107792110519,-45.03223723769343,14.738017692611168,"HIP 52190",1.,3.75e3,"Not Available"
-35.4045679368198,5.149062783485063,31.5734281819546,"Dnoces",2.4,7.9e3,"A7IV"
-35.400034720861974,5.152584612243761,31.577936267581542,"Gl 331 B",0.55,3.7e3,"dM1J"
-35.400034720861974,5.152584612243761,31.577936267581542,"Gl 331 C",1.,0,"Not Available"
36.618759211294154,14.579952869471954,-26.945225362410056,"HIP 101997",1.,5.54e3,"G8/K0V"
-46.331916363561064,-11.347539796767087,3.082038132319211,"OU Geminorum",1.,4.9e3,"K0"
-37.35086871955877,-28.52752439274658,8.718060416467189,"GJ 1099",0.39,3.5e3,"M2.5Ve"
-36.636860676622234,-6.178141795784242,-30.074634070171573,"GJ 3252",1.,0,"m"
-46.71956773865259,-6.188977517647358,-8.034018928149724,"V1119 Tauri",1.2,6.2e3,"F8VSB"
43.2894716896859,-19.290244750688863,6.3370683994695485,"HIP 78170",0.72,4.4e3,"K5V"
35.349661719173135,6.237100822397729,31.608400037511025,"ψ Serpentis",0.92,5.6e3,"G5V"
36.216158494932166,13.505055792277355,-28.170828395060475,"ψ Capricorni",1.3,6.7e3,"F5V"
35.35035356397172,6.237710692627193,31.60750593587487,"Gl 596.1B",1.,0,"Not Available"
-23.590820391850492,26.386142900308624,32.19989620896474,"HIP 54952",1.,4.64e3,"K5"
-39.25228881776633,-13.441673046289884,-24.019659723164217,"GJ 3305",1.,3.87e3,"M1"
-12.667230786759829,-14.475574500656618,43.91311681164095,"GJ 3649",1.,3.79e3,"M1"
16.08452237353346,-13.652236517241315,43.04958534475645,"GJ 3775",1.,0,"m"
20.856046588692408,-9.363170228966634,42.139275496001716,"GJ 3809 A",1.,3.69e3,"M2:"
36.821178176477844,-6.125850069414716,30.08383127761922,"GJ 3894",1.,3.57e3,"M4"
13.484313262510021,38.992609609006685,-24.415442845569927,"GJ 4228",1.,0,"m"
31.869465833374644,-7.627983837380498,-35.13807805461177,"HIP 106696",0.8,4.8e3,"K2V"
14.06554717000194,-35.806591044737154,28.950739240129955,"Alchibah",1.,7.25e3,"F0IV/V"
31.641918359104835,25.049734679160263,-26.25638970761239,"HIP 103388",1.,3.7e3,"M4"
-33.543062858573585,1.770266676779965,-34.513456818245245,"HIP 14445",0.6,3.8e3,"M0V"
-9.297180261052661,-45.548771884609266,-12.582527855748069,"HIP 35296",0.8,4.8e3,"K2V"
-9.29369623419708,-45.54877367901786,-12.585094948559604,"Gl 269 B",0.75,4.5e3,"K4V"
18.084992635079892,43.981160781548006,-7.797625451957371,"HIP 101516",1.,1.15e4,"DA"
-38.68723309043134,-27.64254777407773,-8.05149211006393,"Gl 231.3",1.,3.52e3,"M4"
28.177232968142864,-37.10989106502653,12.43127258995945,"GJ 3770",1.,3.95e3,"DC9+"
10.24041616443578,12.215709292042742,-45.53707341816943,"HIP 116003",0.5,3.5e3,"M2Ve"
-13.653230343263054,43.6614332141381,-15.485439554903893,"GJ 4338 B",1.,3.64e3,"M3:"
26.106092265521742,-20.26341098482493,-35.278233682391765,"HIP 111766",1.,3.66e3,"Not Available"
22.481814270674896,-18.96114860222471,38.39926350962528,"Gl 514.1",1.,3.58e3,"M4:"
23.732069672669102,36.47674934539412,-21.14440109548991,"HIP 104092",1.,4.47e3,"K5"
-37.88131554361771,-28.440663454073388,10.230177638397597,"HIP 37288",1.,3.99e3,"M0"
4.792761068850274,-28.517491175694467,-38.951305971430635,"HIP 12261",1.,0,"Not Available"
4.791279545929405,43.817365328386316,20.26089086708284,"GJ 1228",1.,6.43e3,"DXP8"
30.112491761612457,33.10561742487871,18.726368490799462,"GJ 4029",1.,0,"m"
-13.717008074971453,43.85635418808864,-15.552703573280219,"GJ 4337 A",1.,3.76e3,"M2"
-9.929711379935625,-43.96438627667817,17.962477143955667,"HIP 47592",1.1,5.9e3,"G0V"
-27.86056183850409,-7.720785475343216,39.01036560394064,"HIP 49081",1.1,5.9e3,"G1V"
-29.475764418311435,5.812616265405528,38.14476429619892,"HIP 49189",1.,4.02e3,"M2"
-45.50529748769471,-4.074023960285939,16.525371683156248,"GJ 1096",1.,3.45e3,"m+"
44.804531631843275,-3.4550583425787935,18.501741402045873,"HIP 79431",1.,3.4e3,"M3 V"
25.908743785358347,-23.198069806880675,-33.94533507839639,"LHS 3844",0.19,3036.,"M5"
-22.250217369895648,20.26418134892673,-38.233212431700366,"GJ 3097",0.38,3.3e3,"dM3.5"
-31.054297117561838,37.389947648930274,2.260468580006135,"GJ 3117 A",0.5,3.5e3,"dM2"
-31.05489639013528,37.38961409934507,2.257751231310492,"GJ 3118 B",0.010997729858419137,8938.,"DA6"
-41.10802261051035,16.91073193772925,-19.790032198393323,"GJ 3208",1.,3.02e3,"m"
-33.720276505231666,-11.903784160763784,-32.99591590566064,"GJ 3256",1.,3.75e3,"M3"
21.129915033841886,4.821440856055703,43.5633490501513,"GJ 3856",1.,0,"m"
22.614349414651237,42.82865445597214,4.667297270362395,"GJ 4109",1.,3.71e3,"M3.5"
-13.092189138290399,46.83882128796351,1.485392328397491,"GJ 4276",1.,0,"m"
7.3468964114174975,14.78572535282567,-45.76999726057368,"GJ 4352",1.,3.69e3,"M2"
9.532541881463173,-13.826877524243804,-45.728385948208945,"HIP 3583",6.4,5.3e3,"G5IV"
3.739207818160113,-40.670758277996235,-26.552672260060273,"AB Doradus",26.,4.5e3,"K1III(p)"
38.65262893901358,21.95044220923832,19.93208205118955,"HIP 84521",1.,3.77e3,"M3.5"
3.739207818160113,-40.670758277996235,-26.552672260060273,"AB Doradus Ba",0.2,3.3e3,"M5V"
3.739207818160113,-40.670758277996235,-26.552672260060273,"AB Doradus Bb",0.15,3.2e3,"M5-M6V"
3.739207818160113,-40.670758277996235,-26.552672260060273,"AB Doradus C",0.11,2.5e3,"M8V"
-24.321682892694415,-37.584910521665584,-19.39297385843113,"HIP 28442",1.,4.44e3,"K3/K4V"
-24.318689705505683,-37.58863041323434,-19.38951745716332,"Gl 225.2B",1.,0,"Not Available"
-24.318689705505683,-37.58863041323434,-19.38951745716332,"Gl 225.2C",0.72,4.4e3,"K5V"
-4.47199072082464,-34.12747039435646,-34.6303255229119,"HIP 19394",1.,3.5e3,"M3.5 V"
21.181398106425817,42.61754754522159,10.93680745649005,"HIP 93017",1.1,5.9e3,"G0V"
21.18097673615186,42.617144629877586,10.939193293270568,"Gl 738 B",0.82,5.e3,"K1V"
-20.35203978274895,40.74597288782105,-17.711054721958604,"HIP 1368",1.,4.e3,"M0"
-20.454938268593814,-38.21892611677815,-22.561689553504014,"HIP 27359",1.,3.83e3,"M2"
-36.2259659622649,13.518932230759107,-29.89549314752845,"GJ 3181",1.,3.15e3,"M6"
13.634296179293214,33.631775958376736,32.957907328431645,"GJ 3965",1.,6.78e3,"DA8"
-35.74306187328163,-29.98477965789448,-15.124020008664587,"η Leporis",1.5,7.1e3,"F1V"
-9.440964478638602,47.48579180675867,7.865907483250406,"Alderamin",1.8,7.5e3,"A7IV-V"
-28.115878380067098,40.17614466519274,1.2115919761623846,"HIP 5247",0.67,4.2e3,"K7V"
5.0888231917016,-15.032180641450083,-46.437114369994504,"ν Phoenicis",1.2,6.2e3,"F8V"
-11.556145136129619,16.640318756945458,44.72134276154721,"HIP 62145",0.77,4.7e3,"K3V"
10.088253547425818,48.04426051679244,-0.6481702082071356,"Gl 792",1.,3.44e3,"M4"
24.304257432434255,-23.076663050804207,-35.91835537555122,"HIP 114361",0.72,4.4e3,"K5V"
-12.813022065807655,-45.50736061677349,-13.541040174744031,"HIP 34069",0.85,5.1e3,"K0V"
-3.8420508049101816,39.37058008385109,29.22989042058766,"HIP 82860",1.3,6.5e3,"F6Vvar"
6.1362495025004185,48.72683722873742,-3.5165996502740575,"V1396 Cygni",0.42,3.4e3,"M3Ve"
6.138474078029151,48.7269863338008,-3.5106460976243685,"Gl 815 B",1.,0,"Not Available"
-18.661584786802525,-44.50852988709945,9.811317388954574,"Gl 317",1.,3.51e3,"M2.5 V"
-33.22902027353944,-5.530404343617772,-35.97183107210529,"HIP 15919",0.72,4.4e3,"K5V"
30.76361968343491,-4.821057004680029,-38.22652255796056,"HIP 108159",1.,3.71e3,"M3"
-8.660792598438572,-44.74095703527832,-18.83844093476712,"HIP 31634",1.,3.86e3,"K0"
33.19395271077568,36.51293205877357,-1.9961061697195501,"HIP 95447",10.,5.1e3,"G8IVvar"
-11.62714957044462,-17.007309968852894,-44.89231508026922,"GJ 1050",1.,3.76e3,"m"
-31.140389479685105,-33.29223549829717,19.017394950819202,"GJ 2070",1.,3.62e3,"M3.5"
-27.97538647913475,40.06879549640382,-7.185307925594809,"GJ 3069",1.,3.34e3,"m"
-41.47265065146271,25.47846302246136,-8.403964713187436,"GJ 3213",1.,0,"m"
-34.54171896788578,-6.585647779659161,-34.68801571592704,"GJ 3235",1.,0,"k-m"
-33.038476641114116,-10.788799529432737,-35.097298219940704,"GJ 3247",1.,0,"m"
-12.388812241024262,19.326661321809997,43.735056697502266,"GJ 3753",1.,9.77e3,"DA4"
26.20638093353338,25.687934243842335,33.062255851601506,"GJ 3953",1.,0,"m"
23.496068169083777,28.721563547700423,-32.600078733405,"GJ 4216",1.,3.59e3,"M3.5"
2.4693635128625586,18.784796063693403,-45.61570867448338,"GJ 4367",1.,0,"m"
-47.54962910180602,12.28110250921104,5.948041277627436,"GJ 1081",1.,3.65e3,"k-m"
-2.5384006701120234,2.972076365431371,-49.38227037310596,"HIP 4022",0.72,4.4e3,"K5V"
-2.5396959619224524,2.9744226321300915,-49.382062508151535,"Gl 40 B",1.,0,"m"
-17.367879819024907,-46.24324055796423,-3.9101985549161102,"HIP 37853",1.1,5.9e3,"G0V"
-17.522267152605025,-46.1954449600055,-3.784338707839709,"Gl 288 B",1.,4.6e3,"DC11.0"
44.854300379353305,-18.51211409469642,10.723718724497786,"HIP 77358",7.6,5.2e3,"G6IV"
44.85562768691846,-18.50985915249249,10.72205917966738,"Gl 599 B",1.,7.28e3,"DA7"
-14.196475964291338,34.114959790964214,-33.34354970188006,"GJ 1006 B",1.,3.65e3,"M4.5"
-37.48721781919653,23.9682365909942,22.404002092441065,"HIP 34115",1.,3.75e3,"M5"
45.901787564221614,-16.39201045536449,-10.393501407613295,"μ Arae",0.92,5807.,"G5 V"
-42.73334849699987,23.473689247210736,-10.37190456956855,"GJ 1059",1.,3.29e3,"m"
-19.899892087617346,19.173047549721307,-41.5779881323019,"HIP 6069",0.5,3.5e3,"M2V:"
-16.346301117763527,16.69130677376678,44.12843384399318,"HIP 59514",1.,3.98e3,"M2"
-16.346756866899,16.69229902304914,44.12788969418671,"Gl 458 B",1.,3.64e3,"m"
-12.88469345412204,-4.7161108660186875,48.016782440784645,"HIP 56662",1.,1.11e4,"DA"
37.74700424301275,17.763076714519606,27.561381806348376,"GJ 1204",1.,3.58e3,"m"
-0.5920036702773495,41.139882511223824,-28.5820554829252,"HIP 113357",1.2,5793.,"G2.5 IV"
42.41503787687212,9.158384582512724,-25.056975227346943,"HIP 99438",1.,1.615e4,"DA3.1"
38.13516805195417,31.99624668686574,-5.787630400304344,"δ Aquilae",2.3,7.3e3,"F0IV"
5.561089652409148,-12.539610508530544,48.209577971347805,"HIP 61706",0.29,3.2e3,"M3.5Ve"
25.114312226910318,-43.03864785870983,5.687716550336993,"GJ 1158",1.,3.62e3,"M4"
-4.719312589759961,-0.14517225418371965,-49.931084674353684,"GJ 2021",1.,0,"m"
-23.2711405066082,-12.14545510517367,-42.73579631050023,"GJ 3198",1.,3.66e3,"M3"
-44.0944740194234,20.4939784428851,-12.29148852813004,"GJ 3233",1.,0,"G5"
